season,date,home_team,away_team,home_goals,away_goals
2020-21,2020-08-15,Team A,Team F,0,0
2020-21,2020-08-15,Team B,Team E,0,1
2020-21,2020-08-15,Team C,Team D,4,4
2020-21,2020-09-05,Team A,Team E,4,1
2020-21,2020-09-05,Team F,Team D,1,2
2020-21,2020-09-05,Team B,Team C,0,1
2020-21,2020-09-26,Team A,Team D,2,0
2020-21,2020-09-26,Team E,Team C,1,4
2020-21,2020-09-26,Team F,Team B,1,2
2020-21,2020-10-17,Team A,Team C,0,0
2020-21,2020-10-17,Team D,Team B,1,1
2020-21,2020-10-17,Team E,Team F,2,4
2020-21,2020-11-07,Team A,Team B,0,1
2020-21,2020-11-07,Team C,Team F,0,1
2020-21,2020-11-07,Team D,Team E,1,0
2020-21,2020-11-28,Team F,Team A,0,4
2020-21,2020-11-28,Team E,Team B,2,1
2020-21,2020-11-28,Team D,Team C,2,3
2020-21,2020-12-19,Team E,Team A,2,0
2020-21,2020-12-19,Team D,Team F,0,4
2020-21,2020-12-19,Team C,Team B,0,1
2020-21,2021-01-09,Team D,Team A,1,2
2020-21,2021-01-09,Team C,Team E,2,0
2020-21,2021-01-09,Team B,Team F,1,1
2020-21,2021-01-30,Team C,Team A,4,1
2020-21,2021-01-30,Team B,Team D,3,0
2020-21,2021-01-30,Team F,Team E,2,1
2020-21,2021-02-20,Team B,Team A,1,1
2020-21,2021-02-20,Team F,Team C,1,3
2020-21,2021-02-20,Team E,Team D,1,2
2021-22,2021-08-14,Team A,Team F,2,2
2021-22,2021-08-14,Team B,Team E,3,2
2021-22,2021-08-14,Team C,Team D,4,2
2021-22,2021-09-04,Team A,Team E,4,3
2021-22,2021-09-04,Team F,Team D,4,6
2021-22,2021-09-04,Team B,Team C,0,1
2021-22,2021-09-25,Team A,Team D,2,1
2021-22,2021-09-25,Team E,Team C,2,3
2021-22,2021-09-25,Team F,Team B,0,3
2021-22,2021-10-16,Team A,Team C,0,0
2021-22,2021-10-16,Team D,Team B,0,1
2021-22,2021-10-16,Team E,Team F,2,1
2021-22,2021-11-06,Team A,Team B,3,0
2021-22,2021-11-06,Team C,Team F,2,2
2021-22,2021-11-06,Team D,Team E,0,0
2021-22,2021-11-27,Team F,Team A,1,3
2021-22,2021-11-27,Team E,Team B,1,1
2021-22,2021-11-27,Team D,Team C,1,0
2021-22,2021-12-18,Team E,Team A,0,3
2021-22,2021-12-18,Team D,Team F,3,1
2021-22,2021-12-18,Team C,Team B,2,2
2021-22,2022-01-08,Team D,Team A,4,1
2021-22,2022-01-08,Team C,Team E,1,0
2021-22,2022-01-08,Team B,Team F,5,4
2021-22,2022-01-29,Team C,Team A,3,1
2021-22,2022-01-29,Team B,Team D,0,1
2021-22,2022-01-29,Team F,Team E,2,0
2021-22,2022-02-19,Team B,Team A,2,1
2021-22,2022-02-19,Team F,Team C,5,3
2021-22,2022-02-19,Team E,Team D,2,2
2022-23,2022-08-13,Team A,Team F,2,1
2022-23,2022-08-13,Team B,Team E,0,2
2022-23,2022-08-13,Team C,Team D,4,6
2022-23,2022-09-03,Team A,Team E,6,0
2022-23,2022-09-03,Team F,Team D,0,2
2022-23,2022-09-03,Team B,Team C,2,0
2022-23,2022-09-24,Team A,Team D,0,1
2022-23,2022-09-24,Team E,Team C,2,0
2022-23,2022-09-24,Team F,Team B,3,1
2022-23,2022-10-15,Team A,Team C,0,0
2022-23,2022-10-15,Team D,Team B,1,1
2022-23,2022-10-15,Team E,Team F,2,1
2022-23,2022-11-05,Team A,Team B,3,0
2022-23,2022-11-05,Team C,Team F,2,1
2022-23,2022-11-05,Team D,Team E,0,1
2022-23,2022-11-26,Team F,Team A,1,5
2022-23,2022-11-26,Team E,Team B,0,2
2022-23,2022-11-26,Team D,Team C,1,1
2022-23,2022-12-17,Team E,Team A,1,1
2022-23,2022-12-17,Team D,Team F,1,1
2022-23,2022-12-17,Team C,Team B,2,3
2022-23,2023-01-07,Team D,Team A,1,1
2022-23,2023-01-07,Team C,Team E,1,1
2022-23,2023-01-07,Team B,Team F,1,2
2022-23,2023-01-28,Team C,Team A,1,1
2022-23,2023-01-28,Team B,Team D,0,1
2022-23,2023-01-28,Team F,Team E,1,1
2022-23,2023-02-18,Team B,Team A,1,3
2022-23,2023-02-18,Team F,Team C,2,1
2022-23,2023-02-18,Team E,Team D,1,1
2023-24,2023-08-12,Team A,Team F,1,0
2023-24,2023-08-12,Team B,Team E,2,1
2023-24,2023-08-12,Team C,Team D,1,1
2023-24,2023-09-02,Team A,Team E,5,0
2023-24,2023-09-02,Team F,Team D,0,0
2023-24,2023-09-02,Team B,Team C,2,0
2023-24,2023-09-23,Team A,Team D,2,1
2023-24,2023-09-23,Team E,Team C,0,2
2023-24,2023-09-23,Team F,Team B,1,5
2023-24,2023-10-14,Team A,Team C,2,1
2023-24,2023-10-14,Team D,Team B,0,1
2023-24,2023-10-14,Team E,Team F,3,2
2023-24,2023-11-04,Team A,Team B,1,1
2023-24,2023-11-04,Team C,Team F,3,1
2023-24,2023-11-04,Team D,Team E,2,1
2023-24,2023-11-25,Team F,Team A,1,2
2023-24,2023-11-25,Team E,Team B,1,0
2023-24,2023-11-25,Team D,Team C,3,2
2023-24,2023-12-16,Team E,Team A,1,1
2023-24,2023-12-16,Team D,Team F,1,0
2023-24,2023-12-16,Team C,Team B,0,0
2023-24,2024-01-06,Team D,Team A,0,1
2023-24,2024-01-06,Team C,Team E,1,1
2023-24,2024-01-06,Team B,Team F,2,1
2023-24,2024-01-27,Team C,Team A,1,2
2023-24,2024-01-27,Team B,Team D,1,1
2023-24,2024-01-27,Team F,Team E,1,0
2023-24,2024-02-17,Team B,Team A,1,0
2023-24,2024-02-17,Team F,Team C,1,1
2023-24,2024-02-17,Team E,Team D,1,2
2024-25,2024-08-10,Team A,Team F,2,2
2024-25,2024-08-10,Team B,Team E,1,1
2024-25,2024-08-10,Team C,Team D,5,2
2024-25,2024-08-31,Team A,Team E,1,0
2024-25,2024-08-31,Team F,Team D,0,1
2024-25,2024-08-31,Team B,Team C,1,0
2024-25,2024-09-21,Team A,Team D,2,1
2024-25,2024-09-21,Team E,Team C,1,1
2024-25,2024-09-21,Team F,Team B,1,2
2024-25,2024-10-12,Team A,Team C,1,3
2024-25,2024-10-12,Team D,Team B,1,0
2024-25,2024-10-12,Team E,Team F,3,3
2024-25,2024-11-02,Team A,Team B,3,0
2024-25,2024-11-02,Team C,Team F,1,0
2024-25,2024-11-02,Team D,Team E,2,1
2024-25,2024-11-23,Team F,Team A,2,3
2024-25,2024-11-23,Team E,Team B,1,4
2024-25,2024-11-23,Team D,Team C,1,2
2024-25,2024-12-14,Team E,Team A,0,1
2024-25,2024-12-14,Team D,Team F,0,0
2024-25,2024-12-14,Team C,Team B,2,1
2024-25,2025-01-04,Team D,Team A,1,3
2024-25,2025-01-04,Team C,Team E,1,0
2024-25,2025-01-04,Team B,Team F,2,0
2024-25,2025-01-25,Team C,Team A,2,1
2024-25,2025-01-25,Team B,Team D,0,2
2024-25,2025-01-25,Team F,Team E,2,1
2024-25,2025-02-15,Team B,Team A,0,2
2024-25,2025-02-15,Team F,Team C,2,5
2024-25,2025-02-15,Team E,Team D,2,0
