season,date,home_team,away_team,home_goals,away_goals,source_division,dataset_role,bookmaker_home_odds,bookmaker_draw_odds,bookmaker_away_odds
2022-23,2022-07-29,Huddersfield,Burnley,0,1,E1,fit,2.9,3.2,2.55
2022-23,2022-07-30,Blackburn,QPR,1,0,E1,fit,1.9,3.5,4
2022-23,2022-07-30,Blackpool,Reading,1,0,E1,fit,2,3.4,3.8
2022-23,2022-07-30,Cardiff,Norwich,1,0,E1,fit,3.5,3.3,2.15
2022-23,2022-07-30,Hull,Bristol City,2,1,E1,fit,2.5,3.1,2.9
2022-23,2022-07-30,Luton,Birmingham,0,0,E1,fit,1.85,3.5,4.2
2022-23,2022-07-30,Middlesbrough,West Brom,1,1,E1,fit,2.3,3.25,3.25
2022-23,2022-07-30,Millwall,Stoke,2,0,E1,fit,2.5,3.2,3.1
2022-23,2022-07-30,Rotherham,Swansea,1,1,E1,fit,2.4,3.25,3
2022-23,2022-07-30,Wigan,Preston,0,0,E1,fit,2.75,3.2,2.62
2022-23,2022-07-31,Sunderland,Coventry,1,1,E1,fit,2.45,3.4,2.8
2022-23,2022-08-01,Watford,Sheffield United,1,0,E1,fit,2.3,3.3,3.1
2022-23,2022-08-05,Crystal Palace,Arsenal,0,2,E0,fit,4.5,3.6,1.8
2022-23,2022-08-05,Birmingham,Huddersfield,2,1,E1,fit,2.4,3.2,3.1
2022-23,2022-08-06,Bournemouth,Aston Villa,2,0,E0,fit,4,3.5,1.95
2022-23,2022-08-06,Everton,Chelsea,0,1,E0,fit,6.5,4.2,1.55
2022-23,2022-08-06,Fulham,Liverpool,2,2,E0,fit,11,5.75,1.28
2022-23,2022-08-06,Leeds,Wolves,2,1,E0,fit,2.37,3.3,3
2022-23,2022-08-06,Newcastle,Nott'm Forest,2,0,E0,fit,1.53,4,6
2022-23,2022-08-06,Tottenham,Southampton,4,1,E0,fit,1.36,5,8.5
2022-23,2022-08-06,Bristol City,Sunderland,2,3,E1,fit,2.3,3.3,3.1
2022-23,2022-08-06,Burnley,Luton,1,1,E1,fit,1.75,3.6,5
2022-23,2022-08-06,Norwich,Wigan,1,1,E1,fit,1.66,3.75,5.25
2022-23,2022-08-06,Preston,Hull,0,0,E1,fit,1.9,3.5,4.2
2022-23,2022-08-06,QPR,Middlesbrough,3,2,E1,fit,2.87,3.3,2.45
2022-23,2022-08-06,Reading,Cardiff,2,1,E1,fit,2.5,3.2,2.9
2022-23,2022-08-06,Sheffield United,Millwall,2,0,E1,fit,1.85,3.3,4.5
2022-23,2022-08-06,Stoke,Blackpool,2,0,E1,fit,2.05,3.4,3.6
2022-23,2022-08-06,Swansea,Blackburn,0,3,E1,fit,2.6,3.3,2.75
2022-23,2022-08-07,Leicester,Brentford,2,2,E0,fit,1.85,3.8,4
2022-23,2022-08-07,Man United,Brighton,1,2,E0,fit,1.8,3.75,4.33
2022-23,2022-08-07,West Ham,Man City,0,2,E0,fit,7.5,5.25,1.36
2022-23,2022-08-08,West Brom,Watford,1,1,E1,fit,2.45,3.3,3
2022-23,2022-08-12,Watford,Burnley,1,0,E1,fit,2.37,3.3,3
2022-23,2022-08-13,Arsenal,Leicester,4,2,E0,fit,1.55,4.33,5.5
2022-23,2022-08-13,Aston Villa,Everton,2,1,E0,fit,1.75,3.5,5
2022-23,2022-08-13,Brentford,Man United,4,0,E0,fit,4.5,3.75,1.75
2022-23,2022-08-13,Brighton,Newcastle,0,0,E0,fit,2.37,3.3,3
2022-23,2022-08-13,Man City,Bournemouth,4,0,E0,fit,1.08,12,21
2022-23,2022-08-13,Southampton,Leeds,2,2,E0,fit,2.4,3.5,2.8
2022-23,2022-08-13,Wolves,Fulham,0,0,E0,fit,2.2,3.4,3.3
2022-23,2022-08-13,Blackpool,Swansea,0,1,E1,fit,2.45,3.3,2.9
2022-23,2022-08-13,Cardiff,Birmingham,1,0,E1,fit,2.2,3.25,3.4
2022-23,2022-08-13,Huddersfield,Stoke,3,1,E1,fit,3,3.1,2.5
2022-23,2022-08-13,Hull,Norwich,2,1,E1,fit,3.5,3.4,2.05
2022-23,2022-08-13,Luton,Preston,0,1,E1,fit,2.3,3.1,3.4
2022-23,2022-08-13,Millwall,Coventry,3,2,E1,fit,2.45,3.2,3
2022-23,2022-08-13,Rotherham,Reading,4,0,E1,fit,2,3.4,3.75
2022-23,2022-08-13,Sunderland,QPR,2,2,E1,fit,2.1,3.4,3.5
2022-23,2022-08-13,Wigan,Bristol City,1,1,E1,fit,2.2,3.3,3.4
2022-23,2022-08-14,Chelsea,Tottenham,2,2,E0,fit,2.1,3.5,3.5
2022-23,2022-08-14,Nott'm Forest,West Ham,1,0,E0,fit,3.8,3.5,1.95
2022-23,2022-08-14,Blackburn,West Brom,2,1,E1,fit,3,3.4,2.3
2022-23,2022-08-14,Middlesbrough,Sheffield United,2,2,E1,fit,2.15,3.3,3.3
2022-23,2022-08-15,Liverpool,Crystal Palace,1,1,E0,fit,1.28,5.75,11
2022-23,2022-08-16,Birmingham,Watford,1,1,E1,fit,3.5,3.3,2.05
2022-23,2022-08-16,Bristol City,Luton,2,0,E1,fit,2.75,3.4,2.5
2022-23,2022-08-16,Burnley,Hull,1,1,E1,fit,1.44,4.33,7.5
2022-23,2022-08-16,Norwich,Huddersfield,2,1,E1,fit,1.65,3.75,5.25
2022-23,2022-08-16,Preston,Rotherham,0,0,E1,fit,1.83,3.4,4.5
2022-23,2022-08-16,QPR,Blackpool,0,1,E1,fit,1.95,3.6,4
2022-23,2022-08-16,Swansea,Millwall,2,2,E1,fit,2.55,3.2,2.9
2022-23,2022-08-17,Reading,Blackburn,3,0,E1,fit,2.9,3.3,2.45
2022-23,2022-08-17,Sheffield United,Sunderland,2,1,E1,fit,1.72,3.8,4.75
2022-23,2022-08-17,Stoke,Middlesbrough,2,2,E1,fit,2.7,3.1,2.75
2022-23,2022-08-17,West Brom,Cardiff,0,0,E1,fit,1.55,4,6
2022-23,2022-08-19,Norwich,Millwall,2,0,E1,fit,1.85,3.5,4.33
2022-23,2022-08-20,Bournemouth,Arsenal,0,3,E0,fit,7.5,4.75,1.4
2022-23,2022-08-20,Crystal Palace,Aston Villa,3,1,E0,fit,2.45,3.2,3
2022-23,2022-08-20,Everton,Nott'm Forest,1,1,E0,fit,1.85,3.6,4.2
2022-23,2022-08-20,Fulham,Brentford,3,2,E0,fit,2.62,3.4,2.7
2022-23,2022-08-20,Leicester,Southampton,1,2,E0,fit,1.72,4,4.33
2022-23,2022-08-20,Tottenham,Wolves,1,0,E0,fit,1.4,4.75,7.5
2022-23,2022-08-20,Birmingham,Wigan,0,1,E1,fit,3,3.2,2.45
2022-23,2022-08-20,Burnley,Blackpool,3,3,E1,fit,1.53,4,6
2022-23,2022-08-20,Preston,Watford,0,0,E1,fit,2.15,3.1,3.8
2022-23,2022-08-20,QPR,Rotherham,1,1,E1,fit,2.1,3.4,3.6
2022-23,2022-08-20,Reading,Middlesbrough,1,0,E1,fit,3.75,3.6,2
2022-23,2022-08-20,Sheffield United,Blackburn,3,0,E1,fit,1.9,3.6,4
2022-23,2022-08-20,Stoke,Sunderland,0,1,E1,fit,2,3.5,3.75
2022-23,2022-08-20,Swansea,Luton,0,2,E1,fit,2.3,3.4,3.1
2022-23,2022-08-20,West Brom,Hull,5,2,E1,fit,1.5,4.33,6.5
2022-23,2022-08-21,Leeds,Chelsea,3,0,E0,fit,5.75,4.75,1.5
2022-23,2022-08-21,Newcastle,Man City,3,3,E0,fit,6.5,4.75,1.44
2022-23,2022-08-21,West Ham,Brighton,0,2,E0,fit,2.5,3.4,2.8
2022-23,2022-08-21,Bristol City,Cardiff,2,0,E1,fit,2.37,3.2,3.2
2022-23,2022-08-22,Man United,Liverpool,2,1,E0,fit,4.75,4.2,1.66
2022-23,2022-08-26,Luton,Sheffield United,1,1,E1,fit,3.4,3.2,2.25
2022-23,2022-08-27,Arsenal,Fulham,2,1,E0,fit,1.4,5.5,6.5
2022-23,2022-08-27,Brentford,Everton,1,1,E0,fit,2.05,3.3,3.8
2022-23,2022-08-27,Brighton,Leeds,1,0,E0,fit,1.66,4,5.25
2022-23,2022-08-27,Chelsea,Leicester,2,1,E0,fit,1.4,5,7.5
2022-23,2022-08-27,Liverpool,Bournemouth,9,0,E0,fit,1.14,8,17
2022-23,2022-08-27,Man City,Crystal Palace,4,2,E0,fit,1.2,7,15
2022-23,2022-08-27,Southampton,Man United,0,1,E0,fit,3.4,3.8,1.95
2022-23,2022-08-27,Blackburn,Stoke,0,1,E1,fit,2.45,3.25,3
2022-23,2022-08-27,Blackpool,Bristol City,3,3,E1,fit,2.25,3.4,3.2
2022-23,2022-08-27,Cardiff,Preston,0,0,E1,fit,3,3,2.62
2022-23,2022-08-27,Huddersfield,West Brom,2,2,E1,fit,5.25,3.8,1.66
2022-23,2022-08-27,Hull,Coventry,3,2,E1,fit,3.1,3.3,2.3
2022-23,2022-08-27,Middlesbrough,Swansea,2,1,E1,fit,1.66,4,5.25
2022-23,2022-08-27,Millwall,Reading,0,1,E1,fit,1.75,3.4,5.25
2022-23,2022-08-27,Rotherham,Birmingham,2,0,E1,fit,2.05,3.3,3.8
2022-23,2022-08-27,Sunderland,Norwich,0,1,E1,fit,2.9,3.3,2.45
2022-23,2022-08-27,Watford,QPR,2,3,E1,fit,2.05,3.3,3.8
2022-23,2022-08-27,Wigan,Burnley,1,5,E1,fit,3.5,3.1,2.25
2022-23,2022-08-28,Aston Villa,West Ham,0,1,E0,fit,2.1,3.5,3.75
2022-23,2022-08-28,Nott'm Forest,Tottenham,0,2,E0,fit,7,4.75,1.45
2022-23,2022-08-28,Wolves,Newcastle,1,1,E0,fit,2.45,3.25,2.9
2022-23,2022-08-30,Crystal Palace,Brentford,1,1,E0,fit,2.05,3.4,3.6
2022-23,2022-08-30,Fulham,Brighton,2,1,E0,fit,3.3,3.2,2.3
2022-23,2022-08-30,Leeds,Everton,1,1,E0,fit,2.05,3.6,3.4
2022-23,2022-08-30,Southampton,Chelsea,2,1,E0,fit,5,4,1.65
2022-23,2022-08-30,Birmingham,Norwich,1,2,E1,fit,4.33,3.75,1.75
2022-23,2022-08-30,Burnley,Millwall,2,0,E1,fit,1.8,3.4,4.75
2022-23,2022-08-30,Cardiff,Luton,1,2,E1,fit,2.5,3.1,3
2022-23,2022-08-30,QPR,Hull,3,1,E1,fit,1.75,3.8,4.5
2022-23,2022-08-30,Sheffield United,Reading,4,0,E1,fit,1.5,4.2,7
2022-23,2022-08-30,Watford,Middlesbrough,2,1,E1,fit,2.3,3.2,3.25
2022-23,2022-08-30,Wigan,West Brom,1,1,E1,fit,3.8,3.4,2
2022-23,2022-08-31,Arsenal,Aston Villa,2,1,E0,fit,1.5,4.5,6
2022-23,2022-08-31,Bournemouth,Wolves,0,0,E0,fit,3.2,3.25,2.3
2022-23,2022-08-31,Liverpool,Newcastle,2,1,E0,fit,1.28,6,10
2022-23,2022-08-31,Man City,Nott'm Forest,6,0,E0,fit,1.08,11,23
2022-23,2022-08-31,West Ham,Tottenham,1,1,E0,fit,3.2,3.6,2.2
2022-23,2022-08-31,Blackpool,Blackburn,0,1,E1,fit,2.4,3.3,3
2022-23,2022-08-31,Bristol City,Huddersfield,2,0,E1,fit,1.75,3.8,4.5
2022-23,2022-08-31,Coventry,Preston,0,1,E1,fit,2.25,3.25,3.4
2022-23,2022-08-31,Stoke,Swansea,1,1,E1,fit,2.15,3.4,3.5
2022-23,2022-08-31,Sunderland,Rotherham,3,0,E1,fit,2.05,3.5,3.6
2022-23,2022-09-01,Leicester,Man United,0,1,E0,fit,3.1,3.75,2.15
2022-23,2022-09-02,West Brom,Burnley,1,1,E1,fit,2.3,3.25,3.25
2022-23,2022-09-03,Aston Villa,Man City,1,1,E0,fit,8,5.75,1.33
2022-23,2022-09-03,Brentford,Leeds,5,2,E0,fit,2.1,3.6,3.3
2022-23,2022-09-03,Chelsea,West Ham,2,1,E0,fit,1.65,4,5
2022-23,2022-09-03,Everton,Liverpool,0,0,E0,fit,7.5,4.75,1.36
2022-23,2022-09-03,Newcastle,Crystal Palace,0,0,E0,fit,2.1,3.5,3.6
2022-23,2022-09-03,Nott'm Forest,Bournemouth,2,3,E0,fit,2.15,3.3,3.5
2022-23,2022-09-03,Tottenham,Fulham,2,1,E0,fit,1.5,4.33,6.5
2022-23,2022-09-03,Wolves,Southampton,1,0,E0,fit,2.2,3.4,3.25
2022-23,2022-09-03,Blackburn,Bristol City,2,3,E1,fit,2.2,3.5,3.1
2022-23,2022-09-03,Luton,Wigan,1,2,E1,fit,2.1,3.3,3.6
2022-23,2022-09-03,Millwall,Cardiff,2,0,E1,fit,2.25,3.2,3.5
2022-23,2022-09-03,Norwich,Coventry,3,0,E1,fit,1.6,4,5.5
2022-23,2022-09-03,Preston,Birmingham,0,1,E1,fit,1.75,3.5,5
2022-23,2022-09-03,Rotherham,Watford,1,1,E1,fit,3.5,3.4,2.1
2022-23,2022-09-03,Swansea,QPR,1,0,E1,fit,2.37,3.3,3
2022-23,2022-09-04,Brighton,Leicester,5,2,E0,fit,1.9,3.5,4.2
2022-23,2022-09-04,Man United,Arsenal,3,1,E0,fit,2.6,3.5,2.6
2022-23,2022-09-04,Huddersfield,Blackpool,0,1,E1,fit,2.4,3.25,3
2022-23,2022-09-04,Hull,Sheffield United,0,2,E1,fit,4.5,3.5,1.85
2022-23,2022-09-04,Reading,Stoke,2,1,E1,fit,2.9,3.2,2.45
2022-23,2022-09-05,Middlesbrough,Sunderland,1,0,E1,fit,1.9,3.5,4
2022-23,2022-09-13,Blackburn,Watford,2,0,E1,fit,2.62,3.25,2.75
2022-23,2022-09-13,Huddersfield,Wigan,1,2,E1,fit,2.5,3.25,2.9
2022-23,2022-09-13,Hull,Stoke,0,3,E1,fit,2.8,3.3,2.55
2022-23,2022-09-13,Middlesbrough,Cardiff,2,3,E1,fit,1.7,3.6,5.25
2022-23,2022-09-13,Preston,Burnley,1,1,E1,fit,2.9,3.3,2.4
2022-23,2022-09-13,Swansea,Sheffield United,0,1,E1,fit,3.25,3.4,2.25
2022-23,2022-09-14,Luton,Coventry,2,2,E1,fit,2.2,3.4,3.3
2022-23,2022-09-14,Millwall,QPR,0,2,E1,fit,2.25,3.25,3.3
2022-23,2022-09-14,Norwich,Bristol City,3,2,E1,fit,1.61,4.2,5.25
2022-23,2022-09-14,Reading,Sunderland,0,3,E1,fit,2.37,3.2,3.1
2022-23,2022-09-14,Rotherham,Blackpool,3,0,E1,fit,2.37,3.2,3.25
2022-23,2022-09-14,West Brom,Birmingham,2,3,E1,fit,1.44,4.5,7
2022-23,2022-09-16,Aston Villa,Southampton,1,0,E0,fit,2.1,3.5,3.5
2022-23,2022-09-16,Nott'm Forest,Fulham,2,3,E0,fit,2.75,3.3,2.6
2022-23,2022-09-17,Newcastle,Bournemouth,1,1,E0,fit,1.4,4.5,7.5
2022-23,2022-09-17,Tottenham,Leicester,6,2,E0,fit,1.55,4.5,6
2022-23,2022-09-17,Wolves,Man City,0,3,E0,fit,8,5.75,1.33
2022-23,2022-09-17,Birmingham,Coventry,0,0,E1,fit,3,3.3,2.4
2022-23,2022-09-17,Burnley,Bristol City,2,1,E1,fit,1.75,3.75,4.5
2022-23,2022-09-17,Huddersfield,Cardiff,1,0,E1,fit,2.87,3.1,2.62
2022-23,2022-09-17,Luton,Blackburn,2,0,E1,fit,2.3,3.2,3.3
2022-23,2022-09-17,Middlesbrough,Rotherham,0,0,E1,fit,1.61,4,5.5
2022-23,2022-09-17,Millwall,Blackpool,2,1,E1,fit,1.9,3.4,4.5
2022-23,2022-09-17,Norwich,West Brom,1,1,E1,fit,2.25,3.5,3.1
2022-23,2022-09-17,Preston,Sheffield United,0,2,E1,fit,2.9,3.1,2.55
2022-23,2022-09-17,QPR,Stoke,0,0,E1,fit,2.3,3.3,3.2
2022-23,2022-09-17,Swansea,Hull,3,0,E1,fit,1.95,3.4,4.2
2022-23,2022-09-17,Watford,Sunderland,2,2,E1,fit,2,3.5,3.75
2022-23,2022-09-17,Wigan,Reading,0,1,E1,fit,2.1,3.4,3.75
2022-23,2022-09-18,Brentford,Arsenal,0,3,E0,fit,4.5,3.8,1.75
2022-23,2022-09-18,Everton,West Ham,1,0,E0,fit,2.9,3.25,2.5
2022-23,2022-09-30,Hull,Luton,0,2,E1,fit,3,3.25,2.37
2022-23,2022-10-01,Arsenal,Tottenham,3,1,E0,fit,1.95,3.8,3.8
2022-23,2022-10-01,Bournemouth,Brentford,0,0,E0,fit,3.2,3.4,2.25
2022-23,2022-10-01,Crystal Palace,Chelsea,1,2,E0,fit,4.75,3.75,1.75
2022-23,2022-10-01,Fulham,Newcastle,1,4,E0,fit,2.9,3.4,2.45
2022-23,2022-10-01,Liverpool,Brighton,3,3,E0,fit,1.45,4.75,6
2022-23,2022-10-01,Southampton,Everton,1,2,E0,fit,2.3,3.3,3.1
2022-23,2022-10-01,West Ham,Wolves,2,0,E0,fit,2,3.4,4
2022-23,2022-10-01,Blackburn,Millwall,2,1,E1,fit,2.2,3.25,3.6
2022-23,2022-10-01,Blackpool,Norwich,0,1,E1,fit,4,3.6,1.9
2022-23,2022-10-01,Bristol City,QPR,1,2,E1,fit,2.2,3.4,3.3
2022-23,2022-10-01,Cardiff,Burnley,1,1,E1,fit,3.1,3.25,2.37
2022-23,2022-10-01,Coventry,Middlesbrough,1,0,E1,fit,3.1,3.2,2.37
2022-23,2022-10-01,Reading,Huddersfield,3,1,E1,fit,2.4,3.1,3.3
2022-23,2022-10-01,Rotherham,Wigan,0,2,E1,fit,2.3,3.2,3.2
2022-23,2022-10-01,Sheffield United,Birmingham,1,1,E1,fit,1.53,4.33,5.75
2022-23,2022-10-01,Sunderland,Preston,0,0,E1,fit,2.25,3.1,3.6
2022-23,2022-10-01,West Brom,Swansea,2,3,E1,fit,1.66,3.8,5.25
2022-23,2022-10-02,Leeds,Aston Villa,0,0,E0,fit,2.37,3.25,3
2022-23,2022-10-02,Man City,Man United,6,3,E0,fit,1.44,5.5,6.5
2022-23,2022-10-02,Stoke,Watford,0,4,E1,fit,2.7,3.2,2.75
2022-23,2022-10-03,Leicester,Nott'm Forest,4,0,E0,fit,1.7,4,4.5
2022-23,2022-10-04,Bristol City,Coventry,0,0,E1,fit,2.2,3.5,3.25
2022-23,2022-10-04,Cardiff,Blackburn,1,0,E1,fit,2.4,3.3,3
2022-23,2022-10-04,Luton,Huddersfield,3,3,E1,fit,1.65,3.6,6
2022-23,2022-10-04,Reading,Norwich,1,1,E1,fit,3.75,3.4,2
2022-23,2022-10-04,Sheffield United,QPR,0,1,E1,fit,1.65,3.75,5.5
2022-23,2022-10-04,Sunderland,Blackpool,0,0,E1,fit,1.83,3.6,4.2
2022-23,2022-10-05,Burnley,Stoke,1,1,E1,fit,1.55,3.8,6.5
2022-23,2022-10-05,Hull,Wigan,2,1,E1,fit,2.55,3.2,2.9
2022-23,2022-10-05,Middlesbrough,Birmingham,1,0,E1,fit,1.7,3.6,5.25
2022-23,2022-10-05,Preston,West Brom,1,0,E1,fit,3,3.25,2.45
2022-23,2022-10-05,Rotherham,Millwall,1,1,E1,fit,2.62,3.1,2.8
2022-23,2022-10-05,Watford,Swansea,1,2,E1,fit,1.8,3.5,4.5
2022-23,2022-10-07,QPR,Reading,2,1,E1,fit,1.9,3.4,4
2022-23,2022-10-08,Bournemouth,Leicester,2,1,E0,fit,3.2,3.5,2.2
2022-23,2022-10-08,Brighton,Tottenham,0,1,E0,fit,2.5,3.3,2.8
2022-23,2022-10-08,Chelsea,Wolves,3,0,E0,fit,1.5,4.2,7
2022-23,2022-10-08,Man City,Southampton,4,0,E0,fit,1.11,10,21
2022-23,2022-10-08,Newcastle,Brentford,5,1,E0,fit,1.65,4,5.25
2022-23,2022-10-08,Birmingham,Bristol City,3,0,E1,fit,2.55,3.3,2.7
2022-23,2022-10-08,Blackburn,Rotherham,3,0,E1,fit,1.9,3.4,4.33
2022-23,2022-10-08,Blackpool,Watford,3,1,E1,fit,3.2,3.4,2.25
2022-23,2022-10-08,Coventry,Burnley,0,1,E1,fit,3.25,3.25,2.3
2022-23,2022-10-08,Millwall,Middlesbrough,2,0,E1,fit,2.3,3.2,3.3
2022-23,2022-10-08,Norwich,Preston,2,3,E1,fit,1.7,3.6,5.25
2022-23,2022-10-08,Stoke,Sheffield United,3,1,E1,fit,3,3.4,2.37
2022-23,2022-10-08,Swansea,Sunderland,2,1,E1,fit,2.15,3.4,3.4
2022-23,2022-10-08,West Brom,Luton,0,0,E1,fit,2,3.5,3.8
2022-23,2022-10-08,Wigan,Cardiff,1,3,E1,fit,2.6,2.9,3
2022-23,2022-10-09,Arsenal,Liverpool,3,2,E0,fit,2.5,3.75,2.6
2022-23,2022-10-09,Crystal Palace,Leeds,2,1,E0,fit,2.05,3.5,3.5
2022-23,2022-10-09,Everton,Man United,1,2,E0,fit,3.6,3.5,2
2022-23,2022-10-09,West Ham,Fulham,3,1,E0,fit,1.6,3.8,5.5
2022-23,2022-10-09,Huddersfield,Hull,2,0,E1,fit,2.25,3.3,3.3
2022-23,2022-10-10,Nott'm Forest,Aston Villa,1,1,E0,fit,3.6,3.6,2
2022-23,2022-10-11,Wigan,Blackburn,1,0,E1,fit,2.75,3.1,2.75
2022-23,2022-10-12,Bristol City,Preston,2,1,E1,fit,2.45,3.2,3
2022-23,2022-10-14,Brentford,Brighton,2,0,E0,fit,3.1,3.4,2.3
2022-23,2022-10-15,Fulham,Bournemouth,2,2,E0,fit,1.9,3.6,4
2022-23,2022-10-15,Leicester,Crystal Palace,0,0,E0,fit,2.3,3.5,3
2022-23,2022-10-15,Tottenham,Everton,2,0,E0,fit,1.45,4.5,7.5
2022-23,2022-10-15,Wolves,Nott'm Forest,1,0,E0,fit,1.7,3.75,5
2022-23,2022-10-15,Bristol City,Millwall,1,2,E1,fit,2.5,3.2,3
2022-23,2022-10-15,Burnley,Swansea,4,0,E1,fit,1.66,4,5
2022-23,2022-10-15,Cardiff,Coventry,0,1,E1,fit,2.3,3.3,3.2
2022-23,2022-10-15,Luton,QPR,3,1,E1,fit,1.95,3.4,4
2022-23,2022-10-15,Middlesbrough,Blackburn,1,2,E1,fit,1.95,3.3,4.2
2022-23,2022-10-15,Preston,Stoke,0,2,E1,fit,2.3,3.25,3.25
2022-23,2022-10-15,Reading,West Brom,0,2,E1,fit,3.6,3.4,2.1
2022-23,2022-10-15,Rotherham,Huddersfield,2,1,E1,fit,2.37,3.2,3.2
2022-23,2022-10-15,Sheffield United,Blackpool,3,3,E1,fit,1.66,3.8,5.25
2022-23,2022-10-15,Sunderland,Wigan,2,1,E1,fit,2.25,3.2,3.3
2022-23,2022-10-15,Watford,Norwich,2,1,E1,fit,2.7,3.4,2.6
2022-23,2022-10-16,Aston Villa,Chelsea,0,2,E0,fit,3.75,3.5,2
2022-23,2022-10-16,Leeds,Arsenal,0,1,E0,fit,5,4,1.66
2022-23,2022-10-16,Liverpool,Man City,1,0,E0,fit,3.75,4,1.85
2022-23,2022-10-16,Man United,Newcastle,0,0,E0,fit,2.05,3.75,3.5
2022-23,2022-10-16,Southampton,West Ham,1,1,E0,fit,2.9,3.4,2.45
2022-23,2022-10-16,Hull,Birmingham,0,2,E1,fit,2.6,3.25,2.8
2022-23,2022-10-18,Brighton,Nott'm Forest,0,0,E0,fit,1.36,5,7.5
2022-23,2022-10-18,Crystal Palace,Wolves,2,1,E0,fit,2.05,3.25,3.75
2022-23,2022-10-18,Blackburn,Sunderland,2,0,E1,fit,2.4,3.2,3.2
2022-23,2022-10-18,Huddersfield,Preston,0,1,E1,fit,2.75,3,2.75
2022-23,2022-10-18,Norwich,Luton,0,1,E1,fit,1.9,3.6,4
2022-23,2022-10-18,Stoke,Rotherham,0,1,E1,fit,1.72,3.6,5.25
2022-23,2022-10-18,Swansea,Reading,3,2,E1,fit,2.1,3.3,3.75
2022-23,2022-10-18,West Brom,Bristol City,0,2,E1,fit,1.72,3.8,4.75
2022-23,2022-10-19,Bournemouth,Southampton,0,1,E0,fit,2.55,3.2,2.75
2022-23,2022-10-19,Brentford,Chelsea,0,0,E0,fit,4,3.75,1.85
2022-23,2022-10-19,Liverpool,West Ham,1,0,E0,fit,1.4,5,7
2022-23,2022-10-19,Man United,Tottenham,2,0,E0,fit,2.3,3.5,2.9
2022-23,2022-10-19,Newcastle,Everton,1,0,E0,fit,1.65,3.8,5.25
2022-23,2022-10-19,Birmingham,Burnley,1,1,E1,fit,3.6,3.3,2.1
2022-23,2022-10-19,Blackpool,Hull,1,3,E1,fit,2.15,3.3,3.5
2022-23,2022-10-19,Coventry,Sheffield United,1,0,E1,fit,2.87,3.1,2.6
2022-23,2022-10-19,Millwall,Watford,3,0,E1,fit,2.37,3.2,3.1
2022-23,2022-10-19,QPR,Cardiff,3,0,E1,fit,2.37,3.3,3.1
2022-23,2022-10-19,Wigan,Middlesbrough,1,4,E1,fit,2.9,3.1,2.62
2022-23,2022-10-20,Fulham,Aston Villa,3,0,E0,fit,2.9,3.3,2.4
2022-23,2022-10-20,Leicester,Leeds,2,0,E0,fit,2.25,3.5,3.1
2022-23,2022-10-22,Chelsea,Man United,1,1,E0,fit,2.1,3.6,3.3
2022-23,2022-10-22,Everton,Crystal Palace,3,0,E0,fit,2.45,3.2,3
2022-23,2022-10-22,Man City,Brighton,3,1,E0,fit,1.22,6.5,13
2022-23,2022-10-22,Nott'm Forest,Liverpool,1,0,E0,fit,7.5,5.75,1.33
2022-23,2022-10-22,Blackburn,Birmingham,2,1,E1,fit,2.15,3.2,3.6
2022-23,2022-10-22,Blackpool,Preston,4,2,E1,fit,3,3,2.55
2022-23,2022-10-22,Middlesbrough,Huddersfield,0,0,E1,fit,1.66,3.8,5.25
2022-23,2022-10-22,Millwall,West Brom,2,1,E1,fit,2.8,3.1,2.62
2022-23,2022-10-22,QPR,Wigan,2,1,E1,fit,1.95,3.5,4
2022-23,2022-10-22,Reading,Bristol City,2,0,E1,fit,2.55,3.4,2.75
2022-23,2022-10-22,Rotherham,Hull,2,4,E1,fit,2.5,3.3,2.8
2022-23,2022-10-22,Sheffield United,Norwich,2,2,E1,fit,2.2,3.4,3.3
2022-23,2022-10-22,Stoke,Coventry,0,2,E1,fit,2.1,3.4,3.6
2022-23,2022-10-22,Sunderland,Burnley,2,4,E1,fit,3.4,3.1,2.3
2022-23,2022-10-23,Aston Villa,Brentford,4,0,E0,fit,2.05,3.5,3.5
2022-23,2022-10-23,Leeds,Fulham,2,3,E0,fit,2.05,3.6,3.5
2022-23,2022-10-23,Southampton,Arsenal,1,1,E0,fit,6.5,4.33,1.45
2022-23,2022-10-23,Tottenham,Newcastle,1,2,E0,fit,2.2,3.4,3.2
2022-23,2022-10-23,Wolves,Leicester,0,4,E0,fit,2.3,3.4,3.1
2022-23,2022-10-23,Swansea,Cardiff,2,0,E1,fit,2.1,3.25,3.6
2022-23,2022-10-23,Watford,Luton,4,0,E1,fit,2.2,3.25,3.4
2022-23,2022-10-24,West Ham,Bournemouth,2,0,E0,fit,1.61,4,5.25
2022-23,2022-10-25,Burnley,Norwich,1,0,E1,fit,1.9,3.5,4
2022-23,2022-10-25,Coventry,Rotherham,2,2,E1,fit,1.65,3.5,5.75
2022-23,2022-10-28,Birmingham,QPR,2,0,E1,fit,2.4,3.3,2.9
2022-23,2022-10-29,Bournemouth,Tottenham,2,3,E0,fit,5,3.8,1.7
2022-23,2022-10-29,Brentford,Wolves,1,1,E0,fit,2.1,3.5,3.5
2022-23,2022-10-29,Brighton,Chelsea,4,1,E0,fit,3,3.4,2.37
2022-23,2022-10-29,Crystal Palace,Southampton,1,0,E0,fit,2.05,3.4,3.8
2022-23,2022-10-29,Fulham,Everton,0,0,E0,fit,2.25,3.4,3.2
2022-23,2022-10-29,Leicester,Man City,0,1,E0,fit,7,5,1.4
2022-23,2022-10-29,Liverpool,Leeds,1,2,E0,fit,1.22,6.5,12
2022-23,2022-10-29,Newcastle,Aston Villa,4,0,E0,fit,1.75,3.8,4.75
2022-23,2022-10-29,Bristol City,Swansea,1,1,E1,fit,2.7,3.5,2.55
2022-23,2022-10-29,Burnley,Reading,2,1,E1,fit,1.6,4,5.75
2022-23,2022-10-29,Cardiff,Rotherham,1,0,E1,fit,1.85,3.3,4.5
2022-23,2022-10-29,Coventry,Blackpool,1,2,E1,fit,2,3.4,3.8
2022-23,2022-10-29,Huddersfield,Millwall,1,0,E1,fit,3.25,3.1,2.37
2022-23,2022-10-29,Hull,Blackburn,0,1,E1,fit,2.4,3.2,3
2022-23,2022-10-29,Luton,Sunderland,1,1,E1,fit,1.9,3.4,4.2
2022-23,2022-10-29,Norwich,Stoke,3,1,E1,fit,2.2,3.3,3.3
2022-23,2022-10-29,Preston,Middlesbrough,2,1,E1,fit,2.8,3,2.7
2022-23,2022-10-29,West Brom,Sheffield United,0,2,E1,fit,2.37,3.4,3.1
2022-23,2022-10-29,Wigan,Watford,0,1,E1,fit,3,3.3,2.4
2022-23,2022-10-30,Arsenal,Nott'm Forest,5,0,E0,fit,1.22,6.5,13
2022-23,2022-10-30,Man United,West Ham,1,0,E0,fit,1.7,3.9,4.75
2022-23,2022-11-01,Bristol City,Sheffield United,0,1,E1,fit,3.4,3.4,2.15
2022-23,2022-11-01,Coventry,Blackburn,1,0,E1,fit,2.37,3.1,3.25
2022-23,2022-11-01,Hull,Middlesbrough,1,3,E1,fit,3,3.2,2.45
2022-23,2022-11-01,Luton,Reading,0,0,E1,fit,2,3.25,3.8
2022-23,2022-11-01,Preston,Swansea,1,0,E1,fit,2.4,3.2,3
2022-23,2022-11-01,West Brom,Blackpool,1,0,E1,fit,1.65,4,5
2022-23,2022-11-02,Birmingham,Millwall,0,0,E1,fit,2.4,3.1,3.2
2022-23,2022-11-02,Burnley,Rotherham,3,2,E1,fit,1.4,4.5,8
2022-23,2022-11-02,Cardiff,Watford,1,2,E1,fit,2.9,3.1,2.55
2022-23,2022-11-02,Huddersfield,Sunderland,0,2,E1,fit,2.87,3.2,2.55
2022-23,2022-11-02,Norwich,QPR,0,0,E1,fit,2,3.4,3.8
2022-23,2022-11-02,Wigan,Stoke,0,1,E1,fit,2.75,3.3,2.55
2022-23,2022-11-04,Reading,Preston,1,2,E1,fit,2.3,3.1,3.3
2022-23,2022-11-05,Everton,Leicester,0,2,E0,fit,2.45,3.4,2.9
2022-23,2022-11-05,Leeds,Bournemouth,4,3,E0,fit,1.61,4,5.25
2022-23,2022-11-05,Man City,Fulham,2,1,E0,fit,1.16,7.5,15
2022-23,2022-11-05,Nott'm Forest,Brentford,2,2,E0,fit,2.62,3.2,2.8
2022-23,2022-11-05,Wolves,Brighton,2,3,E0,fit,3.4,3.3,2.15
2022-23,2022-11-05,Blackburn,Huddersfield,1,0,E1,fit,1.75,3.6,5
2022-23,2022-11-05,Blackpool,Luton,0,1,E1,fit,2.7,3.25,2.7
2022-23,2022-11-05,Middlesbrough,Bristol City,1,1,E1,fit,1.75,3.6,5
2022-23,2022-11-05,Millwall,Hull,0,0,E1,fit,1.9,3.5,4.2
2022-23,2022-11-05,QPR,West Brom,0,1,E1,fit,2.7,3.3,2.7
2022-23,2022-11-05,Rotherham,Norwich,1,2,E1,fit,4.33,3.75,1.83
2022-23,2022-11-05,Sheffield United,Burnley,5,2,E1,fit,2.3,3.4,3.1
2022-23,2022-11-05,Stoke,Birmingham,1,2,E1,fit,1.95,3.5,4
2022-23,2022-11-05,Sunderland,Cardiff,0,1,E1,fit,2.2,3.25,3.5
2022-23,2022-11-05,Swansea,Wigan,2,2,E1,fit,1.9,3.3,4.33
2022-23,2022-11-05,Watford,Coventry,0,1,E1,fit,1.72,3.75,4.75
2022-23,2022-11-06,Aston Villa,Man United,3,1,E0,fit,3.1,3.5,2.25
2022-23,2022-11-06,Chelsea,Arsenal,0,1,E0,fit,2.62,3.4,2.6
2022-23,2022-11-06,Southampton,Newcastle,1,4,E0,fit,4.33,3.75,1.83
2022-23,2022-11-06,Tottenham,Liverpool,1,2,E0,fit,3.6,3.75,1.95
2022-23,2022-11-06,West Ham,Crystal Palace,1,2,E0,fit,1.85,3.5,4.33
2022-23,2022-11-08,Birmingham,Swansea,2,2,E1,fit,2.8,3.2,2.62
2022-23,2022-11-08,Blackpool,Middlesbrough,0,3,E1,fit,3.3,3.4,2.15
2022-23,2022-11-08,Cardiff,Hull,2,3,E1,fit,2.05,3.3,3.8
2022-23,2022-11-08,Coventry,Wigan,2,0,E1,fit,1.9,3.4,4.2
2022-23,2022-11-08,QPR,Huddersfield,1,2,E1,fit,1.61,3.9,5.75
2022-23,2022-11-08,Sheffield United,Rotherham,0,1,E1,fit,1.33,5.5,8
2022-23,2022-11-08,Stoke,Luton,2,0,E1,fit,2.05,3.4,3.8
2022-23,2022-11-08,Watford,Reading,2,0,E1,fit,1.9,3.4,4.33
2022-23,2022-11-11,Birmingham,Sunderland,1,2,E1,fit,2.15,3.3,3.5
2022-23,2022-11-12,Bournemouth,Everton,3,0,E0,fit,2.75,3.25,2.7
2022-23,2022-11-12,Liverpool,Southampton,3,1,E0,fit,1.28,6,9
2022-23,2022-11-12,Man City,Brentford,1,2,E0,fit,1.14,7.5,17
2022-23,2022-11-12,Newcastle,Chelsea,1,0,E0,fit,2.15,3.4,3.5
2022-23,2022-11-12,Nott'm Forest,Crystal Palace,1,0,E0,fit,3.3,3.1,2.3
2022-23,2022-11-12,Tottenham,Leeds,4,3,E0,fit,1.6,4.33,5.25
2022-23,2022-11-12,West Ham,Leicester,0,2,E0,fit,1.95,3.4,4
2022-23,2022-11-12,Wolves,Arsenal,0,2,E0,fit,6.5,4,1.53
2022-23,2022-11-12,Bristol City,Watford,0,0,E1,fit,3,3.4,2.4
2022-23,2022-11-12,Cardiff,Sheffield United,0,1,E1,fit,2.87,3.2,2.55
2022-23,2022-11-12,Coventry,QPR,2,0,E1,fit,2.3,3.25,3.2
2022-23,2022-11-12,Huddersfield,Swansea,0,0,E1,fit,3.2,3.4,2.3
2022-23,2022-11-12,Hull,Reading,1,2,E1,fit,2.37,3.2,3.25
2022-23,2022-11-12,Luton,Rotherham,1,1,E1,fit,1.6,3.8,6
2022-23,2022-11-12,Norwich,Middlesbrough,1,2,E1,fit,2.3,3.3,3.2
2022-23,2022-11-12,Preston,Millwall,2,4,E1,fit,2.62,3,3
2022-23,2022-11-12,West Brom,Stoke,2,0,E1,fit,1.9,3.5,4
2022-23,2022-11-12,Wigan,Blackpool,2,1,E1,fit,2.3,3.3,3.2
2022-23,2022-11-13,Brighton,Aston Villa,1,2,E0,fit,1.72,3.8,4.75
2022-23,2022-11-13,Fulham,Man United,1,2,E0,fit,4,3.8,1.85
2022-23,2022-11-13,Burnley,Blackburn,3,0,E1,fit,1.75,3.6,5
2022-23,2022-12-03,Sunderland,Millwall,3,0,E1,fit,2.62,3.1,2.87
2022-23,2022-12-10,Blackburn,Preston,1,4,E1,fit,2.15,3.25,3.5
2022-23,2022-12-10,Blackpool,Birmingham,0,0,E1,fit,3,3.3,2.45
2022-23,2022-12-10,Middlesbrough,Luton,2,1,E1,fit,1.91,3.5,4
2022-23,2022-12-10,Millwall,Wigan,1,1,E1,fit,1.95,3.3,4.33
2022-23,2022-12-10,Reading,Coventry,1,0,E1,fit,2.75,3.2,2.7
2022-23,2022-12-10,Rotherham,Bristol City,1,3,E1,fit,2.9,3.4,2.45
2022-23,2022-12-10,Sheffield United,Huddersfield,1,0,E1,fit,1.5,4.2,7
2022-23,2022-12-10,Stoke,Cardiff,2,2,E1,fit,2.1,3.2,3.75
2022-23,2022-12-10,Swansea,Norwich,0,1,E1,fit,2.45,3.4,2.9
2022-23,2022-12-11,QPR,Burnley,0,3,E1,fit,3.3,3.4,2.15
2022-23,2022-12-11,Watford,Hull,0,0,E1,fit,1.75,3.5,5.25
2022-23,2022-12-12,Sunderland,West Brom,1,2,E1,fit,3.2,3.2,2.3
2022-23,2022-12-16,Birmingham,Reading,3,2,E1,fit,2,3.2,4.33
2022-23,2022-12-17,Bristol City,Stoke,1,2,E1,fit,2.45,3.3,2.9
2022-23,2022-12-17,Burnley,Middlesbrough,3,1,E1,fit,2,3.5,3.9
2022-23,2022-12-17,Cardiff,Blackpool,1,1,E1,fit,1.7,3.75,5
2022-23,2022-12-17,Coventry,Swansea,3,3,E1,fit,2.55,3.25,2.88
2022-23,2022-12-17,Huddersfield,Watford,0,2,E1,fit,3.5,3.25,2.15
2022-23,2022-12-17,Hull,Sunderland,1,1,E1,fit,2.63,3.2,2.88
2022-23,2022-12-17,Norwich,Blackburn,0,2,E1,fit,1.7,3.75,5
2022-23,2022-12-17,Preston,QPR,0,1,E1,fit,2.38,3.2,3.2
2022-23,2022-12-17,West Brom,Rotherham,3,0,E1,fit,1.4,4.75,8.5
2022-23,2022-12-19,Wigan,Sheffield United,1,2,E1,fit,4.5,3.6,1.8
2022-23,2022-12-21,Coventry,West Brom,1,0,E1,fit,3.2,3.3,2.25
2022-23,2022-12-26,Arsenal,West Ham,3,1,E0,fit,1.53,4.2,6
2022-23,2022-12-26,Aston Villa,Liverpool,1,3,E0,fit,4.75,3.8,1.7
2022-23,2022-12-26,Brentford,Tottenham,2,2,E0,fit,3.3,3.6,2.1
2022-23,2022-12-26,Crystal Palace,Fulham,0,3,E0,fit,2.2,3.6,3.1
2022-23,2022-12-26,Everton,Wolves,1,2,E0,fit,2.4,3.25,3
2022-23,2022-12-26,Leicester,Newcastle,0,3,E0,fit,3.3,3.5,2.15
2022-23,2022-12-26,Southampton,Brighton,1,3,E0,fit,3.5,3.5,2.05
2022-23,2022-12-26,Bristol City,West Brom,0,2,E1,fit,2.88,3.4,2.5
2022-23,2022-12-26,Cardiff,QPR,0,0,E1,fit,2.38,3.3,3
2022-23,2022-12-26,Hull,Blackpool,1,1,E1,fit,1.91,3.5,4
2022-23,2022-12-26,Luton,Norwich,2,1,E1,fit,2.6,3.25,2.7
2022-23,2022-12-26,Middlesbrough,Wigan,4,1,E1,fit,1.6,3.8,6
2022-23,2022-12-26,Preston,Huddersfield,1,2,E1,fit,1.91,3.25,4.33
2022-23,2022-12-26,Rotherham,Stoke,2,2,E1,fit,3.3,3.4,2.2
2022-23,2022-12-26,Sheffield United,Coventry,3,1,E1,fit,1.83,3.6,4.33
2022-23,2022-12-26,Sunderland,Blackburn,2,1,E1,fit,2.15,3.5,3.25
2022-23,2022-12-26,Watford,Millwall,0,2,E1,fit,2.2,3.2,3.5
2022-23,2022-12-27,Chelsea,Bournemouth,2,0,E0,fit,1.33,5.25,9
2022-23,2022-12-27,Man United,Nott'm Forest,3,0,E0,fit,1.33,5.5,8.5
2022-23,2022-12-27,Burnley,Birmingham,3,0,E1,fit,1.55,3.8,6.5
2022-23,2022-12-27,Reading,Swansea,2,1,E1,fit,3,3.2,2.45
2022-23,2022-12-28,Leeds,Man City,1,3,E0,fit,9.5,6,1.29
2022-23,2022-12-29,Blackburn,Middlesbrough,1,2,E1,fit,3.2,3.3,2.25
2022-23,2022-12-29,Blackpool,Sheffield United,1,2,E1,fit,4.5,4,1.7
2022-23,2022-12-29,Coventry,Cardiff,0,0,E1,fit,1.91,3.5,4
2022-23,2022-12-29,Huddersfield,Rotherham,2,0,E1,fit,2,3.3,3.8
2022-23,2022-12-29,Millwall,Bristol City,0,0,E1,fit,1.75,3.75,4.75
2022-23,2022-12-29,QPR,Luton,0,3,E1,fit,2.3,3.3,3.2
2022-23,2022-12-29,West Brom,Preston,2,0,E1,fit,1.8,3.5,4.75
2022-23,2022-12-29,Wigan,Sunderland,1,4,E1,fit,2.4,3.4,2.9
2022-23,2022-12-30,Liverpool,Leicester,2,1,E0,fit,1.25,6,11
2022-23,2022-12-30,West Ham,Brentford,0,2,E0,fit,2,3.6,3.5
2022-23,2022-12-30,Birmingham,Hull,0,1,E1,fit,2.05,3.3,3.75
2022-23,2022-12-30,Norwich,Reading,1,1,E1,fit,1.62,3.75,5.75
2022-23,2022-12-30,Stoke,Burnley,0,1,E1,fit,3.6,3.2,2.2
2022-23,2022-12-30,Swansea,Watford,4,0,E1,fit,1.91,3.5,4.2
2022-23,2022-12-31,Bournemouth,Crystal Palace,0,2,E0,fit,2.88,3.2,2.55
2022-23,2022-12-31,Brighton,Arsenal,2,4,E0,fit,4.2,3.75,1.85
2022-23,2022-12-31,Fulham,Southampton,2,1,E0,fit,1.8,3.8,4.2
2022-23,2022-12-31,Man City,Everton,1,1,E0,fit,1.14,8,19
2022-23,2022-12-31,Newcastle,Leeds,0,0,E0,fit,1.45,4.75,6.5
2022-23,2022-12-31,Wolves,Man United,0,1,E0,fit,4,3.6,1.91
2022-23,2023-01-01,Nott'm Forest,Chelsea,1,1,E0,fit,5.5,4,1.62
2022-23,2023-01-01,Tottenham,Aston Villa,0,2,E0,fit,1.65,4.2,5.25
2022-23,2023-01-01,Blackburn,Cardiff,1,0,E1,fit,2.3,3.3,3.2
2022-23,2023-01-01,Blackpool,Sunderland,1,1,E1,fit,2.9,3.3,2.5
2022-23,2023-01-01,Coventry,Bristol City,1,1,E1,fit,2.05,3.4,3.6
2022-23,2023-01-01,Huddersfield,Luton,1,2,E1,fit,3,3.2,2.5
2022-23,2023-01-01,Millwall,Rotherham,3,0,E1,fit,1.55,3.8,7.5
2022-23,2023-01-02,Brentford,Liverpool,3,1,E0,fit,6,4.5,1.5
2022-23,2023-01-02,Birmingham,Middlesbrough,1,3,E1,fit,3.5,3.3,2.15
2022-23,2023-01-02,Norwich,Watford,0,1,E1,fit,1.85,3.75,4
2022-23,2023-01-02,QPR,Sheffield United,1,1,E1,fit,3.2,3.4,2.25
2022-23,2023-01-02,Stoke,Preston,0,1,E1,fit,2.05,3.3,3.8
2022-23,2023-01-02,Swansea,Burnley,1,2,E1,fit,3.1,3.25,2.3
2022-23,2023-01-02,West Brom,Reading,1,0,E1,fit,1.55,4,6.5
2022-23,2023-01-02,Wigan,Hull,1,4,E1,fit,2.75,3.2,2.63
2022-23,2023-01-03,Arsenal,Newcastle,0,0,E0,fit,1.73,3.8,4.75
2022-23,2023-01-03,Everton,Brighton,1,4,E0,fit,3.2,3.3,2.38
2022-23,2023-01-03,Leicester,Fulham,0,1,E0,fit,2.3,3.5,2.9
2022-23,2023-01-03,Man United,Bournemouth,3,0,E0,fit,1.25,6,11
2022-23,2023-01-04,Aston Villa,Wolves,1,1,E0,fit,1.95,3.5,4
2022-23,2023-01-04,Crystal Palace,Tottenham,0,4,E0,fit,3.3,3.4,2.2
2022-23,2023-01-04,Leeds,West Ham,2,2,E0,fit,2.88,3.4,2.45
2022-23,2023-01-04,Southampton,Nott'm Forest,0,1,E0,fit,2.3,3.3,3.2
2022-23,2023-01-05,Chelsea,Man City,0,1,E0,fit,5,4,1.62
2022-23,2023-01-12,Fulham,Chelsea,2,1,E0,fit,3.8,3.5,1.95
2022-23,2023-01-13,Aston Villa,Leeds,2,1,E0,fit,2,3.5,3.8
2022-23,2023-01-14,Brentford,Bournemouth,2,0,E0,fit,1.6,4,5.75
2022-23,2023-01-14,Brighton,Liverpool,3,0,E0,fit,2.8,3.75,2.3
2022-23,2023-01-14,Everton,Southampton,1,2,E0,fit,2.38,3.2,3.1
2022-23,2023-01-14,Man United,Man City,2,1,E0,fit,4,3.9,1.83
2022-23,2023-01-14,Nott'm Forest,Leicester,2,0,E0,fit,2.63,3.2,2.8
2022-23,2023-01-14,Wolves,West Ham,1,0,E0,fit,2.4,3.2,3
2022-23,2023-01-14,Bristol City,Birmingham,4,2,E1,fit,2.15,3.1,3.8
2022-23,2023-01-14,Burnley,Coventry,1,0,E1,fit,1.62,4,5.5
2022-23,2023-01-14,Cardiff,Wigan,1,1,E1,fit,2.05,3.3,3.75
2022-23,2023-01-14,Hull,Huddersfield,1,1,E1,fit,1.8,3.5,4.75
2022-23,2023-01-14,Luton,West Brom,2,3,E1,fit,3,3.2,2.45
2022-23,2023-01-14,Middlesbrough,Millwall,1,0,E1,fit,2.1,3.3,3.7
2022-23,2023-01-14,Preston,Norwich,0,4,E1,fit,3.1,3.3,2.3
2022-23,2023-01-14,Reading,QPR,2,2,E1,fit,2.75,3.2,2.63
2022-23,2023-01-14,Rotherham,Blackburn,4,0,E1,fit,3.25,3.3,2.25
2022-23,2023-01-14,Sheffield United,Stoke,3,1,E1,fit,1.8,3.6,4.5
2022-23,2023-01-14,Sunderland,Swansea,1,3,E1,fit,2.6,3.25,2.75
2022-23,2023-01-14,Watford,Blackpool,2,0,E1,fit,1.83,3.75,4.33
2022-23,2023-01-15,Chelsea,Crystal Palace,1,0,E0,fit,1.85,3.5,4.5
2022-23,2023-01-15,Newcastle,Fulham,1,0,E0,fit,1.5,4.33,6.5
2022-23,2023-01-15,Tottenham,Arsenal,0,2,E0,fit,3.25,3.5,2.2
2022-23,2023-01-18,Crystal Palace,Man United,1,1,E0,fit,5.5,4,1.65
2022-23,2023-01-19,Man City,Tottenham,4,2,E0,fit,1.5,4.5,6
2022-23,2023-01-20,Burnley,West Brom,2,1,E1,fit,2.25,3,3.6
2022-23,2023-01-20,Sheffield United,Hull,1,0,E1,fit,1.67,3.6,5.75
2022-23,2023-01-21,Bournemouth,Nott'm Forest,1,1,E0,fit,2.75,3.1,2.63
2022-23,2023-01-21,Crystal Palace,Newcastle,0,0,E0,fit,4.5,3.6,1.8
2022-23,2023-01-21,Leicester,Brighton,2,2,E0,fit,4,3.8,1.85
2022-23,2023-01-21,Liverpool,Chelsea,0,0,E0,fit,2,3.6,3.6
2022-23,2023-01-21,Southampton,Aston Villa,0,1,E0,fit,2.6,3.2,2.9
2022-23,2023-01-21,West Ham,Everton,2,0,E0,fit,1.83,3.5,4.5
2022-23,2023-01-21,Birmingham,Preston,1,2,E1,fit,2.25,3.1,3.5
2022-23,2023-01-21,Bristol City,Blackburn,1,1,E1,fit,2.1,3.4,3.6
2022-23,2023-01-21,Cardiff,Millwall,0,1,E1,fit,2.9,3.1,2.6
2022-23,2023-01-21,Coventry,Norwich,2,4,E1,fit,2.55,3.4,2.75
2022-23,2023-01-21,QPR,Swansea,1,1,E1,fit,2.5,3.3,2.9
2022-23,2023-01-21,Stoke,Reading,4,0,E1,fit,1.91,3.4,4.2
2022-23,2023-01-21,Watford,Rotherham,1,1,E1,fit,1.67,3.75,5.5
2022-23,2023-01-21,Wigan,Luton,0,2,E1,fit,3.3,3.1,2.3
2022-23,2023-01-22,Arsenal,Man United,3,2,E0,fit,1.83,3.75,4.2
2022-23,2023-01-22,Leeds,Brentford,0,0,E0,fit,2.3,3.6,3
2022-23,2023-01-22,Man City,Wolves,3,0,E0,fit,1.25,6.5,9
2022-23,2023-01-22,Sunderland,Middlesbrough,2,0,E1,fit,2.9,3.4,2.38
2022-23,2023-01-23,Fulham,Tottenham,0,1,E0,fit,3.25,3.75,2.1
2022-23,2023-01-28,Coventry,Huddersfield,2,0,E1,fit,1.65,3.6,5.5
2022-23,2023-01-28,Hull,QPR,3,0,E1,fit,2.45,3.25,3
2022-23,2023-01-28,Middlesbrough,Watford,2,0,E1,fit,1.91,3.5,4.2
2022-23,2023-01-31,Luton,Cardiff,1,0,E1,fit,2.1,3.25,3.75
2022-23,2023-02-03,Chelsea,Fulham,0,0,E0,fit,1.57,4,6
2022-23,2023-02-03,West Brom,Coventry,1,0,E1,fit,1.85,3.5,4.5
2022-23,2023-02-04,Aston Villa,Leicester,2,4,E0,fit,2.1,3.5,3.4
2022-23,2023-02-04,Brentford,Southampton,3,0,E0,fit,1.75,3.75,4.75
2022-23,2023-02-04,Brighton,Bournemouth,1,0,E0,fit,1.36,5,7.5
2022-23,2023-02-04,Everton,Arsenal,1,0,E0,fit,8.5,4.2,1.44
2022-23,2023-02-04,Man United,Crystal Palace,2,1,E0,fit,1.36,5,8
2022-23,2023-02-04,Newcastle,West Ham,1,1,E0,fit,1.65,3.8,5.5
2022-23,2023-02-04,Wolves,Liverpool,3,0,E0,fit,3.75,3.8,1.91
2022-23,2023-02-04,Huddersfield,QPR,1,1,E1,fit,3,3.1,2.45
2022-23,2023-02-04,Hull,Cardiff,1,0,E1,fit,2.05,3.25,4
2022-23,2023-02-04,Luton,Stoke,1,0,E1,fit,2.25,3.3,3.3
2022-23,2023-02-04,Middlesbrough,Blackpool,3,0,E1,fit,1.5,4.2,6.5
2022-23,2023-02-04,Millwall,Sunderland,1,1,E1,fit,2.15,3.4,3.4
2022-23,2023-02-04,Norwich,Burnley,0,3,E1,fit,2.4,3.4,3
2022-23,2023-02-04,Preston,Bristol City,1,2,E1,fit,2.55,3.1,3
2022-23,2023-02-04,Reading,Watford,2,2,E1,fit,2.9,3.25,2.45
2022-23,2023-02-04,Rotherham,Sheffield United,0,0,E1,fit,5.5,4.2,1.6
2022-23,2023-02-04,Swansea,Birmingham,3,4,E1,fit,1.85,3.5,4.33
2022-23,2023-02-05,Nott'm Forest,Leeds,1,0,E0,fit,2.75,3.3,2.6
2022-23,2023-02-05,Tottenham,Man City,1,0,E0,fit,3.8,3.8,1.91
2022-23,2023-02-06,Blackburn,Wigan,0,0,E1,fit,2.05,3.3,3.75
2022-23,2023-02-07,Blackpool,Huddersfield,2,2,E1,fit,2.3,3.2,3.3
2022-23,2023-02-08,Man United,Leeds,2,2,E0,fit,1.53,4.5,5.75
2022-23,2023-02-10,Birmingham,West Brom,2,0,E1,fit,3.8,3.4,2
2022-23,2023-02-11,Arsenal,Brentford,1,1,E0,fit,1.5,4.33,6.5
2022-23,2023-02-11,Bournemouth,Newcastle,1,1,E0,fit,5.75,3.8,1.62
2022-23,2023-02-11,Crystal Palace,Brighton,1,1,E0,fit,4.75,3.75,1.75
2022-23,2023-02-11,Fulham,Nott'm Forest,2,0,E0,fit,1.91,3.5,4.33
2022-23,2023-02-11,Leicester,Tottenham,4,1,E0,fit,3.5,3.75,2
2022-23,2023-02-11,Southampton,Wolves,1,2,E0,fit,3,3.2,2.5
2022-23,2023-02-11,West Ham,Chelsea,1,1,E0,fit,3.4,3.3,2.2
2022-23,2023-02-11,Blackpool,Rotherham,0,0,E1,fit,2.1,3.3,3.75
2022-23,2023-02-11,Bristol City,Norwich,1,0,E1,fit,3.2,3.4,2.25
2022-23,2023-02-11,Burnley,Preston,3,0,E1,fit,1.53,4,6
2022-23,2023-02-11,Cardiff,Middlesbrough,1,3,E1,fit,3.25,3.25,2.3
2022-23,2023-02-11,Coventry,Luton,1,1,E1,fit,2.25,3.3,3.3
2022-23,2023-02-11,QPR,Millwall,1,2,E1,fit,2.8,3,2.75
2022-23,2023-02-11,Sheffield United,Swansea,3,0,E1,fit,1.75,3.8,4.75
2022-23,2023-02-11,Stoke,Hull,0,0,E1,fit,2.2,3.25,3.4
2022-23,2023-02-11,Sunderland,Reading,1,0,E1,fit,1.75,3.6,5
2022-23,2023-02-11,Watford,Blackburn,1,1,E1,fit,1.85,3.5,4.33
2022-23,2023-02-11,Wigan,Huddersfield,1,0,E1,fit,2.38,3,3.5
2022-23,2023-02-12,Leeds,Man United,0,2,E0,fit,3.6,3.8,1.95
2022-23,2023-02-12,Man City,Aston Villa,3,1,E0,fit,1.33,5.25,9
2022-23,2023-02-13,Liverpool,Everton,2,0,E0,fit,1.62,4,5.5
2022-23,2023-02-14,Birmingham,Cardiff,0,2,E1,fit,2.2,3.2,3.5
2022-23,2023-02-14,Burnley,Watford,1,1,E1,fit,1.7,3.6,5.25
2022-23,2023-02-14,Coventry,Millwall,1,0,E1,fit,2.63,3.1,2.8
2022-23,2023-02-14,Norwich,Hull,3,1,E1,fit,1.83,3.6,4.33
2022-23,2023-02-14,QPR,Sunderland,0,3,E1,fit,2.38,3.25,3.1
2022-23,2023-02-14,Reading,Rotherham,2,1,E1,fit,1.91,3.4,4.33
2022-23,2023-02-15,Arsenal,Man City,1,3,E0,fit,3.2,3.4,2.25
2022-23,2023-02-15,Bristol City,Wigan,1,1,E1,fit,2.05,3.1,4
2022-23,2023-02-15,Preston,Luton,1,1,E1,fit,3,3,2.55
2022-23,2023-02-15,Sheffield United,Middlesbrough,1,3,E1,fit,2,3.5,3.6
2022-23,2023-02-15,Stoke,Huddersfield,3,0,E1,fit,1.8,3.4,4.75
2022-23,2023-02-15,Swansea,Blackpool,2,1,E1,fit,1.6,4,5.5
2022-23,2023-02-15,West Brom,Blackburn,1,1,E1,fit,1.6,3.8,5.75
2022-23,2023-02-17,Cardiff,Reading,1,0,E1,fit,1.85,3.3,4.5
2022-23,2023-02-18,Aston Villa,Arsenal,2,4,E0,fit,4.2,3.6,1.91
2022-23,2023-02-18,Brentford,Crystal Palace,1,1,E0,fit,1.8,3.5,4.75
2022-23,2023-02-18,Brighton,Fulham,0,1,E0,fit,1.5,4.2,6
2022-23,2023-02-18,Chelsea,Southampton,0,1,E0,fit,1.4,4.5,8
2022-23,2023-02-18,Everton,Leeds,1,0,E0,fit,2.7,3.2,2.7
2022-23,2023-02-18,Newcastle,Liverpool,0,2,E0,fit,2.45,3.4,2.8
2022-23,2023-02-18,Nott'm Forest,Man City,1,1,E0,fit,10,5.5,1.29
2022-23,2023-02-18,Wolves,Bournemouth,0,1,E0,fit,1.75,3.6,4.75
2022-23,2023-02-18,Blackburn,Swansea,1,0,E1,fit,2.88,3.4,2.45
2022-23,2023-02-18,Blackpool,Stoke,1,0,E1,fit,3.3,3.3,2.25
2022-23,2023-02-18,Huddersfield,Birmingham,2,1,E1,fit,2.9,3.1,2.55
2022-23,2023-02-18,Hull,Preston,0,0,E1,fit,2,3.3,4
2022-23,2023-02-18,Luton,Burnley,0,1,E1,fit,3.25,3.1,2.3
2022-23,2023-02-18,Middlesbrough,QPR,3,1,E1,fit,1.55,4.2,5.75
2022-23,2023-02-18,Millwall,Sheffield United,3,2,E1,fit,2.75,3.3,2.5
2022-23,2023-02-18,Rotherham,Coventry,0,2,E1,fit,3.6,3.4,2.1
2022-23,2023-02-18,Sunderland,Bristol City,1,1,E1,fit,1.91,3.6,4
2022-23,2023-02-18,Wigan,Norwich,0,0,E1,fit,3.75,3.5,2
2022-23,2023-02-19,Man United,Leicester,3,0,E0,fit,1.55,4.5,5.75
2022-23,2023-02-19,Tottenham,West Ham,2,0,E0,fit,1.83,3.4,4.5
2022-23,2023-02-20,Watford,West Brom,3,2,E1,fit,2.8,3.2,2.63
2022-23,2023-02-21,Blackburn,Blackpool,1,0,E1,fit,2.05,3.3,3.75
2022-23,2023-02-21,Millwall,Burnley,1,1,E1,fit,3.1,3.1,2.45
2022-23,2023-02-21,Norwich,Birmingham,3,1,E1,fit,1.65,3.8,5.5
2022-23,2023-02-21,Rotherham,Sunderland,2,1,E1,fit,3.8,3.25,2.05
2022-23,2023-02-21,Swansea,Stoke,1,3,E1,fit,2.2,3.25,3.4
2022-23,2023-02-24,Fulham,Wolves,1,1,E0,fit,2.63,3.2,2.8
2022-23,2023-02-25,Bournemouth,Man City,1,4,E0,fit,8.5,5,1.36
2022-23,2023-02-25,Crystal Palace,Liverpool,0,0,E0,fit,4.75,4,1.67
2022-23,2023-02-25,Everton,Aston Villa,0,2,E0,fit,2.5,3.2,3
2022-23,2023-02-25,Leeds,Southampton,1,0,E0,fit,1.95,3.6,3.8
2022-23,2023-02-25,Leicester,Arsenal,0,1,E0,fit,6,4.2,1.55
2022-23,2023-02-25,West Ham,Nott'm Forest,4,0,E0,fit,1.67,3.8,5.5
2022-23,2023-02-25,Birmingham,Luton,0,1,E1,fit,3.4,3,2.3
2022-23,2023-02-25,Bristol City,Hull,1,0,E1,fit,2.38,3.2,3.1
2022-23,2023-02-25,Burnley,Huddersfield,4,0,E1,fit,1.3,4.75,11
2022-23,2023-02-25,Coventry,Sunderland,2,1,E1,fit,2.38,3.3,3
2022-23,2023-02-25,Norwich,Cardiff,2,0,E1,fit,1.83,3.5,4.5
2022-23,2023-02-25,Preston,Wigan,2,1,E1,fit,2.63,3,2.88
2022-23,2023-02-25,QPR,Blackburn,1,3,E1,fit,2.05,3.3,3.75
2022-23,2023-02-25,Reading,Blackpool,3,1,E1,fit,2.2,3.4,3.3
2022-23,2023-02-25,Sheffield United,Watford,1,0,E1,fit,1.8,3.75,4.33
2022-23,2023-02-25,Stoke,Millwall,0,1,E1,fit,2.25,3.2,3.4
2022-23,2023-02-25,West Brom,Middlesbrough,2,0,E1,fit,2.2,3.3,3.2
2022-23,2023-02-26,Tottenham,Chelsea,2,0,E0,fit,3,3.3,2.45
2022-23,2023-02-27,Swansea,Rotherham,1,1,E1,fit,1.57,4,5.75
2022-23,2023-02-28,Luton,Millwall,2,2,E1,fit,2.2,3.1,3.5
2022-23,2023-02-28,Preston,Coventry,0,0,E1,fit,2.88,3.2,2.55
2022-23,2023-03-01,Arsenal,Everton,4,0,E0,fit,1.3,5,11
2022-23,2023-03-01,Liverpool,Wolves,2,0,E0,fit,1.5,4.33,6.5
2022-23,2023-03-03,Hull,West Brom,2,0,E1,fit,3.6,3.25,2.15
2022-23,2023-03-04,Arsenal,Bournemouth,3,2,E0,fit,1.2,6.5,12
2022-23,2023-03-04,Aston Villa,Crystal Palace,1,0,E0,fit,2.15,3.25,3.5
2022-23,2023-03-04,Brighton,West Ham,4,0,E0,fit,1.67,4,5
2022-23,2023-03-04,Chelsea,Leeds,1,0,E0,fit,1.6,4,6
2022-23,2023-03-04,Man City,Newcastle,2,0,E0,fit,1.5,4.33,6.5
2022-23,2023-03-04,Southampton,Leicester,1,0,E0,fit,2.75,3.3,2.55
2022-23,2023-03-04,Wolves,Tottenham,1,0,E0,fit,3.2,3.3,2.3
2022-23,2023-03-04,Blackburn,Sheffield United,1,0,E1,fit,3.6,3.5,2
2022-23,2023-03-04,Blackpool,Burnley,0,0,E1,fit,7,4,1.53
2022-23,2023-03-04,Cardiff,Bristol City,2,0,E1,fit,2.25,3.2,3.4
2022-23,2023-03-04,Huddersfield,Coventry,0,4,E1,fit,3.25,3.1,2.38
2022-23,2023-03-04,Luton,Swansea,1,0,E1,fit,1.85,3.4,4.33
2022-23,2023-03-04,Middlesbrough,Reading,5,0,E1,fit,1.4,4.75,7.5
2022-23,2023-03-04,Millwall,Norwich,2,3,E1,fit,2.63,3.1,2.8
2022-23,2023-03-04,Rotherham,QPR,3,1,E1,fit,2.5,3.2,2.9
2022-23,2023-03-04,Sunderland,Stoke,1,5,E1,fit,2.3,3.2,3.1
2022-23,2023-03-04,Watford,Preston,0,0,E1,fit,1.73,3.6,5
2022-23,2023-03-04,Wigan,Birmingham,1,1,E1,fit,2.38,3.1,3.2
2022-23,2023-03-05,Liverpool,Man United,7,0,E0,fit,2.4,3.6,2.8
2022-23,2023-03-05,Nott'm Forest,Everton,2,2,E0,fit,3.1,3,2.55
2022-23,2023-03-06,Brentford,Fulham,3,2,E0,fit,1.95,3.6,3.75
2022-23,2023-03-07,Huddersfield,Bristol City,0,0,E1,fit,2.88,3.1,2.6
2022-23,2023-03-07,Reading,Sheffield United,0,1,E1,fit,5.75,3.75,1.62
2022-23,2023-03-07,West Brom,Wigan,1,0,E1,fit,1.57,4,6
2022-23,2023-03-10,Stoke,Blackburn,3,2,E1,fit,2.05,3.3,3.75
2022-23,2023-03-11,Bournemouth,Liverpool,1,0,E0,fit,7.5,5,1.4
2022-23,2023-03-11,Crystal Palace,Man City,0,1,E0,fit,10,5,1.33
2022-23,2023-03-11,Everton,Brentford,1,0,E0,fit,2.63,3.1,2.9
2022-23,2023-03-11,Leeds,Brighton,2,2,E0,fit,4.2,3.6,1.85
2022-23,2023-03-11,Leicester,Chelsea,1,3,E0,fit,3.8,3.6,1.91
2022-23,2023-03-11,Tottenham,Nott'm Forest,3,1,E0,fit,1.44,4.75,7
2022-23,2023-03-11,Birmingham,Rotherham,2,0,E1,fit,2.15,3.2,3.6
2022-23,2023-03-11,Bristol City,Blackpool,2,0,E1,fit,1.95,3.6,4
2022-23,2023-03-11,Burnley,Wigan,3,0,E1,fit,1.33,5,9.5
2022-23,2023-03-11,Coventry,Hull,1,1,E1,fit,1.95,3.3,4.1
2022-23,2023-03-11,Preston,Cardiff,2,0,E1,fit,2.63,3,2.9
2022-23,2023-03-11,QPR,Watford,1,0,E1,fit,4.33,3.4,1.91
2022-23,2023-03-11,Reading,Millwall,0,1,E1,fit,4,3.4,1.95
2022-23,2023-03-11,Sheffield United,Luton,0,1,E1,fit,1.95,3.5,4
2022-23,2023-03-11,Swansea,Middlesbrough,1,3,E1,fit,3.1,3.6,2.2
2022-23,2023-03-11,West Brom,Huddersfield,1,0,E1,fit,1.4,4.75,8
2022-23,2023-03-12,Fulham,Arsenal,0,3,E0,fit,7.5,4.75,1.4
2022-23,2023-03-12,Man United,Southampton,0,0,E0,fit,1.29,5.5,11
2022-23,2023-03-12,Newcastle,Wolves,2,1,E0,fit,1.62,3.8,5.5
2022-23,2023-03-12,West Ham,Aston Villa,1,1,E0,fit,2.3,3.25,3.2
2022-23,2023-03-12,Norwich,Sunderland,0,1,E1,fit,1.7,4,4.75
2022-23,2023-03-14,Blackpool,QPR,6,1,E1,fit,2.5,3,3.1
2022-23,2023-03-14,Middlesbrough,Stoke,1,1,E1,fit,1.67,3.8,5.25
2022-23,2023-03-14,Millwall,Swansea,2,1,E1,fit,1.8,3.6,4.33
2022-23,2023-03-14,Rotherham,Preston,1,2,E1,fit,2.8,3.1,2.7
2022-23,2023-03-14,Watford,Birmingham,3,0,E1,fit,1.95,3.5,4.2
2022-23,2023-03-14,Wigan,Coventry,1,1,E1,fit,3.4,3.3,2.2
2022-23,2023-03-15,Brighton,Crystal Palace,1,0,E0,fit,1.33,5,9
2022-23,2023-03-15,Southampton,Brentford,0,2,E0,fit,3.3,3.2,2.3
2022-23,2023-03-15,Blackburn,Reading,2,1,E1,fit,1.73,3.6,5.25
2022-23,2023-03-15,Cardiff,West Brom,1,1,E1,fit,3.6,3.3,2.1
2022-23,2023-03-15,Huddersfield,Norwich,1,1,E1,fit,4.5,3.75,1.8
2022-23,2023-03-15,Hull,Burnley,1,3,E1,fit,6,3.75,1.6
2022-23,2023-03-15,Luton,Bristol City,1,0,E1,fit,1.83,3.4,4.5
2022-23,2023-03-15,Sunderland,Sheffield United,1,2,E1,fit,3.25,3.1,2.38
2022-23,2023-03-17,Nott'm Forest,Newcastle,1,2,E0,fit,5.25,3.6,1.7
2022-23,2023-03-18,Aston Villa,Bournemouth,3,0,E0,fit,1.73,3.8,4.75
2022-23,2023-03-18,Brentford,Leicester,1,1,E0,fit,1.83,3.75,4
2022-23,2023-03-18,Chelsea,Everton,2,2,E0,fit,1.45,4.2,8
2022-23,2023-03-18,Southampton,Tottenham,3,3,E0,fit,4.5,3.6,1.8
2022-23,2023-03-18,Wolves,Leeds,2,4,E0,fit,2.25,3.2,3.3
2022-23,2023-03-18,Blackpool,Coventry,1,4,E1,fit,3.3,3.3,2.25
2022-23,2023-03-18,Middlesbrough,Preston,4,0,E1,fit,1.53,4,6.5
2022-23,2023-03-18,Millwall,Huddersfield,0,1,E1,fit,1.6,3.5,7
2022-23,2023-03-18,QPR,Birmingham,0,1,E1,fit,2.7,3.1,2.75
2022-23,2023-03-18,Reading,Hull,1,1,E1,fit,2.75,3.3,2.55
2022-23,2023-03-18,Stoke,Norwich,0,0,E1,fit,2.45,3.3,2.9
2022-23,2023-03-18,Sunderland,Luton,1,1,E1,fit,2.9,3.2,2.55
2022-23,2023-03-18,Watford,Wigan,1,1,E1,fit,1.67,3.6,5.5
2022-23,2023-03-19,Arsenal,Crystal Palace,4,1,E0,fit,1.25,5.5,11
2022-23,2023-03-19,Swansea,Bristol City,2,0,E1,fit,1.91,3.4,4
2022-23,2023-03-31,Burnley,Sunderland,0,0,E1,fit,1.4,4.5,8
2022-23,2023-04-01,Arsenal,Leeds,4,1,E0,fit,1.25,6.5,9.5
2022-23,2023-04-01,Bournemouth,Fulham,2,1,E0,fit,2.5,3.25,2.9
2022-23,2023-04-01,Brighton,Brentford,3,3,E0,fit,1.57,4.2,5.75
2022-23,2023-04-01,Chelsea,Aston Villa,0,2,E0,fit,1.6,3.8,6
2022-23,2023-04-01,Crystal Palace,Leicester,2,1,E0,fit,2.38,3.3,3.1
2022-23,2023-04-01,Man City,Liverpool,4,1,E0,fit,1.65,4.2,5
2022-23,2023-04-01,Nott'm Forest,Wolves,1,1,E0,fit,3.3,3.1,2.38
2022-23,2023-04-01,Birmingham,Blackburn,1,0,E1,fit,2.75,3,2.8
2022-23,2023-04-01,Bristol City,Reading,1,1,E1,fit,1.75,3.5,5
2022-23,2023-04-01,Cardiff,Swansea,2,3,E1,fit,2.5,3.2,3
2022-23,2023-04-01,Coventry,Stoke,0,4,E1,fit,2.3,3.2,3.25
2022-23,2023-04-01,Huddersfield,Middlesbrough,4,2,E1,fit,4.75,3.75,1.7
2022-23,2023-04-01,Hull,Rotherham,0,0,E1,fit,1.91,3.5,4.2
2022-23,2023-04-01,Luton,Watford,2,0,E1,fit,2.05,3.2,4
2022-23,2023-04-01,Norwich,Sheffield United,0,1,E1,fit,2.5,3.3,2.88
2022-23,2023-04-01,Preston,Blackpool,3,1,E1,fit,2.2,3.1,3.75
2022-23,2023-04-01,West Brom,Millwall,0,0,E1,fit,2.05,3.2,3.8
2022-23,2023-04-01,Wigan,QPR,1,0,E1,fit,2.5,3.2,3
2022-23,2023-04-02,Newcastle,Man United,2,0,E0,fit,2.25,3.5,3.1
2022-23,2023-04-02,West Ham,Southampton,1,0,E0,fit,1.73,3.6,5
2022-23,2023-04-03,Everton,Tottenham,1,1,E0,fit,3.75,3.3,2.05
2022-23,2023-04-04,Bournemouth,Brighton,0,2,E0,fit,5.75,4.2,1.53
2022-23,2023-04-04,Chelsea,Liverpool,0,0,E0,fit,2.2,3.5,3.3
2022-23,2023-04-04,Leeds,Nott'm Forest,2,1,E0,fit,1.62,4,5.5
2022-23,2023-04-04,Leicester,Aston Villa,1,2,E0,fit,2.7,3.4,2.63
2022-23,2023-04-05,Man United,Brentford,1,0,E0,fit,1.57,4.2,5.25
2022-23,2023-04-05,West Ham,Newcastle,1,5,E0,fit,3.5,3.1,2.25
2022-23,2023-04-07,Blackburn,Norwich,0,2,E1,fit,2.55,3.25,2.9
2022-23,2023-04-07,Blackpool,Cardiff,1,3,E1,fit,2.75,3.1,2.7
2022-23,2023-04-07,Middlesbrough,Burnley,1,2,E1,fit,2.63,3.4,2.63
2022-23,2023-04-07,Millwall,Luton,0,0,E1,fit,2.8,2.9,2.8
2022-23,2023-04-07,QPR,Preston,0,2,E1,fit,2.25,3.2,3.4
2022-23,2023-04-07,Reading,Birmingham,1,1,E1,fit,2.75,3,2.75
2022-23,2023-04-07,Rotherham,West Brom,3,1,E1,fit,4.33,3.4,1.91
2022-23,2023-04-07,Sheffield United,Wigan,1,0,E1,fit,1.4,4.5,8
2022-23,2023-04-07,Stoke,Bristol City,1,2,E1,fit,1.57,4.2,5.75
2022-23,2023-04-07,Sunderland,Hull,4,4,E1,fit,1.95,3.4,4.2
2022-23,2023-04-07,Swansea,Coventry,0,0,E1,fit,2.25,3.4,3.2
2022-23,2023-04-07,Watford,Huddersfield,2,3,E1,fit,1.75,3.5,5
2022-23,2023-04-08,Aston Villa,Nott'm Forest,2,0,E0,fit,1.57,4.2,5.5
2022-23,2023-04-08,Brentford,Newcastle,1,2,E0,fit,4,3.6,1.91
2022-23,2023-04-08,Fulham,West Ham,0,1,E0,fit,2.9,3.2,2.5
2022-23,2023-04-08,Leicester,Bournemouth,0,1,E0,fit,2.05,3.4,3.75
2022-23,2023-04-08,Man United,Everton,2,0,E0,fit,1.57,4,6
2022-23,2023-04-08,Southampton,Man City,1,4,E0,fit,13,6.5,1.22
2022-23,2023-04-08,Tottenham,Brighton,2,1,E0,fit,2.7,3.5,2.5
2022-23,2023-04-08,Wolves,Chelsea,1,0,E0,fit,4.75,3.6,1.75
2022-23,2023-04-09,Leeds,Crystal Palace,1,5,E0,fit,2,3.5,3.6
2022-23,2023-04-09,Liverpool,Arsenal,2,2,E0,fit,2.7,3.5,2.5
2022-23,2023-04-10,Birmingham,Stoke,0,0,E1,fit,3.8,3.4,2
2022-23,2023-04-10,Bristol City,Middlesbrough,2,2,E1,fit,3.6,3.6,1.95
2022-23,2023-04-10,Burnley,Sheffield United,2,0,E1,fit,2.2,3.2,3.4
2022-23,2023-04-10,Cardiff,Sunderland,0,1,E1,fit,2.3,3.25,3.2
2022-23,2023-04-10,Coventry,Watford,2,2,E1,fit,2,3.5,3.8
2022-23,2023-04-10,Huddersfield,Blackburn,2,2,E1,fit,2.9,3.25,2.45
2022-23,2023-04-10,Hull,Millwall,1,0,E1,fit,3.25,3.2,2.3
2022-23,2023-04-10,Luton,Blackpool,3,1,E1,fit,1.5,4.2,7.5
2022-23,2023-04-10,Norwich,Rotherham,0,0,E1,fit,1.55,4,6.5
2022-23,2023-04-10,Preston,Reading,2,1,E1,fit,1.73,3.5,5
2022-23,2023-04-10,West Brom,QPR,2,2,E1,fit,1.75,3.5,5.5
2022-23,2023-04-10,Wigan,Swansea,0,2,E1,fit,3.4,3.4,2.2
2022-23,2023-04-14,Middlesbrough,Norwich,5,1,E1,fit,1.91,3.8,3.75
2022-23,2023-04-15,Aston Villa,Newcastle,3,0,E0,fit,3.4,3.4,2.15
2022-23,2023-04-15,Chelsea,Brighton,1,2,E0,fit,3,3.4,2.38
2022-23,2023-04-15,Everton,Fulham,1,3,E0,fit,2.2,3.3,3.3
2022-23,2023-04-15,Man City,Leicester,3,1,E0,fit,1.14,8.5,15
2022-23,2023-04-15,Southampton,Crystal Palace,0,2,E0,fit,2.88,3.1,2.7
2022-23,2023-04-15,Tottenham,Bournemouth,2,3,E0,fit,1.45,4.5,6.5
2022-23,2023-04-15,Wolves,Brentford,2,0,E0,fit,2.8,3.1,2.63
2022-23,2023-04-15,Blackburn,Hull,0,0,E1,fit,1.65,4,5.25
2022-23,2023-04-15,Blackpool,Wigan,1,0,E1,fit,2.05,3.3,3.75
2022-23,2023-04-15,Millwall,Preston,2,0,E1,fit,1.85,3.2,4.75
2022-23,2023-04-15,QPR,Coventry,0,3,E1,fit,3.1,3.1,2.45
2022-23,2023-04-15,Reading,Burnley,0,0,E1,fit,7,4,1.5
2022-23,2023-04-15,Rotherham,Luton,0,2,E1,fit,4,3.1,2.05
2022-23,2023-04-15,Sheffield United,Cardiff,4,1,E1,fit,1.55,3.8,6.5
2022-23,2023-04-15,Stoke,West Brom,1,2,E1,fit,2.15,3.4,3.4
2022-23,2023-04-15,Sunderland,Birmingham,2,1,E1,fit,1.8,3.6,4.5
2022-23,2023-04-15,Swansea,Huddersfield,1,0,E1,fit,1.57,4,6
2022-23,2023-04-15,Watford,Bristol City,2,0,E1,fit,2,3.4,3.8
2022-23,2023-04-16,Nott'm Forest,Man United,0,2,E0,fit,4.75,4,1.7
2022-23,2023-04-16,West Ham,Arsenal,2,2,E0,fit,5.25,4.2,1.62
2022-23,2023-04-17,Leeds,Liverpool,1,6,E0,fit,4.5,4.2,1.67
2022-23,2023-04-18,Blackpool,West Brom,0,2,E1,fit,3.6,3.6,1.95
2022-23,2023-04-18,Millwall,Birmingham,0,1,E1,fit,1.65,3.6,5.5
2022-23,2023-04-18,Rotherham,Burnley,2,2,E1,fit,5.25,3.75,1.67
2022-23,2023-04-18,Sheffield United,Bristol City,1,0,E1,fit,1.44,4.33,7.5
2022-23,2023-04-18,Stoke,Wigan,0,1,E1,fit,1.7,3.6,5.25
2022-23,2023-04-18,Sunderland,Huddersfield,1,1,E1,fit,1.55,4,6.5
2022-23,2023-04-19,Blackburn,Coventry,1,1,E1,fit,2.5,3.3,2.75
2022-23,2023-04-19,Middlesbrough,Hull,3,1,E1,fit,1.4,5,7
2022-23,2023-04-19,QPR,Norwich,1,1,E1,fit,3.4,3.4,2.1
2022-23,2023-04-19,Reading,Luton,1,1,E1,fit,4.75,3.4,1.8
2022-23,2023-04-19,Swansea,Preston,4,2,E1,fit,2,3.6,3.5
2022-23,2023-04-19,Watford,Cardiff,1,3,E1,fit,2.1,3.2,3.8
2022-23,2023-04-21,Arsenal,Southampton,3,3,E0,fit,1.2,7,12
2022-23,2023-04-22,Brentford,Aston Villa,1,1,E0,fit,2.63,3.25,2.75
2022-23,2023-04-22,Crystal Palace,Everton,0,0,E0,fit,1.91,3.25,4.33
2022-23,2023-04-22,Fulham,Leeds,2,1,E0,fit,2.3,3.5,3
2022-23,2023-04-22,Leicester,Wolves,2,1,E0,fit,2.38,3.3,3
2022-23,2023-04-22,Liverpool,Nott'm Forest,3,2,E0,fit,1.18,8,15
2022-23,2023-04-22,Birmingham,Blackpool,0,1,E1,fit,2.2,3.2,3.5
2022-23,2023-04-22,Bristol City,Rotherham,2,1,E1,fit,1.95,3.5,4
2022-23,2023-04-22,Burnley,QPR,1,2,E1,fit,1.33,5,9.5
2022-23,2023-04-22,Cardiff,Stoke,1,1,E1,fit,2.55,3.1,3
2022-23,2023-04-22,Coventry,Reading,2,1,E1,fit,1.4,4.5,8.5
2022-23,2023-04-22,Hull,Watford,1,0,E1,fit,2.88,3.25,2.5
2022-23,2023-04-22,Norwich,Swansea,0,3,E1,fit,1.91,3.5,4
2022-23,2023-04-22,Preston,Blackburn,1,1,E1,fit,2.63,3,2.9
2022-23,2023-04-22,Wigan,Millwall,2,1,E1,fit,3.4,3.4,2.1
2022-23,2023-04-23,Bournemouth,West Ham,0,4,E0,fit,3,3.25,2.45
2022-23,2023-04-23,Newcastle,Tottenham,6,1,E0,fit,1.91,3.75,4
2022-23,2023-04-23,West Brom,Sunderland,1,2,E1,fit,1.85,3.5,4.33
2022-23,2023-04-24,Luton,Middlesbrough,2,1,E1,fit,2.1,3.4,3.5
2022-23,2023-04-25,Aston Villa,Fulham,1,0,E0,fit,1.73,3.8,4.75
2022-23,2023-04-25,Leeds,Leicester,1,1,E0,fit,2.25,3.6,3
2022-23,2023-04-25,Wolves,Crystal Palace,2,0,E0,fit,2.25,3,3.6
2022-23,2023-04-25,Blackburn,Burnley,0,1,E1,fit,3.5,3.2,2.2
2022-23,2023-04-26,Chelsea,Brentford,0,2,E0,fit,1.83,3.6,4.33
2022-23,2023-04-26,Man City,Arsenal,4,1,E0,fit,1.62,4,5.25
2022-23,2023-04-26,Nott'm Forest,Brighton,3,1,E0,fit,5.25,4.33,1.57
2022-23,2023-04-26,West Ham,Liverpool,1,2,E0,fit,3.5,3.75,2
2022-23,2023-04-26,Sheffield United,West Brom,2,0,E1,fit,1.85,3.5,4.33
2022-23,2023-04-27,Everton,Newcastle,1,4,E0,fit,4.5,3.6,1.8
2022-23,2023-04-27,Southampton,Bournemouth,0,1,E0,fit,2.5,3.25,2.8
2022-23,2023-04-27,Tottenham,Man United,2,2,E0,fit,2.9,3.75,2.25
2022-23,2023-04-27,Rotherham,Cardiff,1,2,E1,fit,2.88,2.9,2.7
2022-23,2023-04-28,Blackpool,Millwall,2,3,E1,fit,3.25,3.4,2.2
2022-23,2023-04-29,Brentford,Nott'm Forest,2,1,E0,fit,1.73,3.6,5
2022-23,2023-04-29,Brighton,Wolves,6,0,E0,fit,1.6,4.2,5.5
2022-23,2023-04-29,Crystal Palace,West Ham,4,3,E0,fit,2.4,3.2,2.9
2022-23,2023-04-29,Bristol City,Burnley,1,2,E1,fit,3.5,3.5,2.1
2022-23,2023-04-29,Coventry,Birmingham,2,0,E1,fit,1.5,4.33,6.5
2022-23,2023-04-29,Hull,Swansea,1,1,E1,fit,3.9,3.75,1.91
2022-23,2023-04-29,Reading,Wigan,1,1,E1,fit,2.7,3.2,2.8
2022-23,2023-04-29,Sheffield United,Preston,4,1,E1,fit,1.7,4,4.75
2022-23,2023-04-29,Stoke,QPR,0,1,E1,fit,1.95,3.5,3.8
2022-23,2023-04-29,Sunderland,Watford,2,2,E1,fit,1.75,3.6,4.75
2022-23,2023-04-29,West Brom,Norwich,2,1,E1,fit,1.83,3.6,4.33
2022-23,2023-04-30,Bournemouth,Leeds,4,1,E0,fit,2.45,3.4,2.9
2022-23,2023-04-30,Fulham,Man City,1,2,E0,fit,9,6,1.29
2022-23,2023-04-30,Liverpool,Tottenham,4,3,E0,fit,1.53,4.75,5.5
2022-23,2023-04-30,Man United,Aston Villa,1,0,E0,fit,1.73,4,4.33
2022-23,2023-04-30,Newcastle,Southampton,3,1,E0,fit,1.25,6,11
2022-23,2023-04-30,Cardiff,Huddersfield,1,2,E1,fit,2.45,3.1,3.1
2022-23,2023-05-01,Leicester,Everton,2,2,E0,fit,1.95,3.5,3.9
2022-23,2023-05-01,Blackburn,Luton,1,1,E1,fit,2.15,3.4,3.4
2022-23,2023-05-01,Rotherham,Middlesbrough,1,0,E1,fit,3.5,3.4,2.05
2022-23,2023-05-02,Arsenal,Chelsea,3,1,E0,fit,1.57,4.33,5.5
2022-23,2023-05-03,Liverpool,Fulham,1,0,E0,fit,1.3,5.75,9
2022-23,2023-05-03,Man City,West Ham,3,0,E0,fit,1.17,8,13
2022-23,2023-05-04,Brighton,Man United,1,0,E0,fit,2.15,3.8,3.1
2022-23,2023-05-04,Huddersfield,Sheffield United,1,0,E1,fit,3.8,3,2.2
2022-23,2023-05-06,Bournemouth,Chelsea,1,3,E0,fit,3.5,3.6,2.05
2022-23,2023-05-06,Liverpool,Brentford,1,0,E0,fit,1.4,5,6.5
2022-23,2023-05-06,Man City,Leeds,2,1,E0,fit,1.17,8.5,15
2022-23,2023-05-06,Tottenham,Crystal Palace,1,0,E0,fit,1.8,3.75,4.5
2022-23,2023-05-06,Wolves,Aston Villa,1,0,E0,fit,3.1,3.3,2.3
2022-23,2023-05-07,Newcastle,Arsenal,0,2,E0,fit,2.25,3.8,2.9
2022-23,2023-05-07,West Ham,Man United,1,0,E0,fit,3.5,3.6,2.05
2022-23,2023-05-08,Brighton,Everton,1,5,E0,fit,1.33,5.5,8
2022-23,2023-05-08,Fulham,Leicester,5,3,E0,fit,2.63,3.3,2.7
2022-23,2023-05-08,Nott'm Forest,Southampton,4,3,E0,fit,1.95,3.5,3.8
2022-23,2023-05-08,Birmingham,Sheffield United,1,2,E1,fit,3.75,3.75,1.91
2022-23,2023-05-08,Burnley,Cardiff,3,0,E1,fit,1.29,6.5,8.5
2022-23,2023-05-08,Huddersfield,Reading,2,0,E1,fit,1.85,3.6,4.2
2022-23,2023-05-08,Luton,Hull,0,0,E1,fit,1.85,3.75,4.2
2022-23,2023-05-08,Middlesbrough,Coventry,1,1,E1,fit,2.25,3.5,3.1
2022-23,2023-05-08,Millwall,Blackburn,3,4,E1,fit,1.83,3.75,4
2022-23,2023-05-08,Norwich,Blackpool,0,1,E1,fit,1.55,4.33,5.5
2022-23,2023-05-08,Preston,Sunderland,0,3,E1,fit,3.3,3.8,2
2022-23,2023-05-08,QPR,Bristol City,0,2,E1,fit,2.55,3.4,2.7
2022-23,2023-05-08,Swansea,West Brom,3,2,E1,fit,2.88,3.75,2.3
2022-23,2023-05-08,Watford,Stoke,2,0,E1,fit,2.55,3.4,2.7
2022-23,2023-05-08,Wigan,Rotherham,0,0,E1,fit,2.7,3.6,2.45
2022-23,2023-05-13,Aston Villa,Tottenham,2,1,E0,fit,2.2,3.6,3
2022-23,2023-05-13,Chelsea,Nott'm Forest,2,2,E0,fit,1.57,4.2,5.25
2022-23,2023-05-13,Crystal Palace,Bournemouth,2,0,E0,fit,1.75,3.6,4.5
2022-23,2023-05-13,Leeds,Newcastle,2,2,E0,fit,4.75,4.33,1.6
2022-23,2023-05-13,Man United,Wolves,2,0,E0,fit,1.36,5,7
2022-23,2023-05-13,Southampton,Fulham,0,2,E0,fit,2.63,3.5,2.55
2022-23,2023-05-14,Arsenal,Brighton,0,3,E0,fit,1.75,4.2,4
2022-23,2023-05-14,Brentford,West Ham,2,0,E0,fit,1.8,3.6,4.5
2022-23,2023-05-14,Everton,Man City,0,3,E0,fit,8,5.25,1.33
2022-23,2023-05-15,Leicester,Liverpool,0,3,E0,fit,4.5,4.2,1.7
2022-23,2023-05-18,Newcastle,Brighton,4,1,E0,fit,1.8,4,4
2022-23,2023-05-20,Bournemouth,Man United,0,1,E0,fit,7,5.25,1.4
2022-23,2023-05-20,Fulham,Crystal Palace,2,2,E0,fit,2.38,3.2,3.2
2022-23,2023-05-20,Liverpool,Aston Villa,1,1,E0,fit,1.5,4.75,6
2022-23,2023-05-20,Nott'm Forest,Arsenal,1,0,E0,fit,5,4.2,1.62
2022-23,2023-05-20,Tottenham,Brentford,1,3,E0,fit,1.91,3.75,3.75
2022-23,2023-05-20,Wolves,Everton,1,1,E0,fit,3.1,3.5,2.25
2022-23,2023-05-21,Brighton,Southampton,3,1,E0,fit,1.18,8,13
2022-23,2023-05-21,Man City,Chelsea,1,0,E0,fit,1.57,4.33,5.75
2022-23,2023-05-21,West Ham,Leeds,3,1,E0,fit,2.6,3.5,2.63
2022-23,2023-05-22,Newcastle,Leicester,0,0,E0,fit,1.3,5.75,9
2022-23,2023-05-24,Brighton,Man City,1,1,E0,fit,3.8,4.2,1.85
2022-23,2023-05-25,Man United,Chelsea,4,1,E0,fit,1.53,4.5,5.75
2022-23,2023-05-28,Arsenal,Wolves,5,0,E0,fit,1.29,6,10
2022-23,2023-05-28,Aston Villa,Brighton,2,1,E0,fit,1.85,4,3.8
2022-23,2023-05-28,Brentford,Man City,1,0,E0,fit,3.2,3.5,2.15
2022-23,2023-05-28,Chelsea,Newcastle,1,1,E0,fit,2.63,3.75,2.5
2022-23,2023-05-28,Crystal Palace,Nott'm Forest,1,1,E0,fit,1.6,4,5.75
2022-23,2023-05-28,Everton,Bournemouth,1,0,E0,fit,1.62,4,5.25
2022-23,2023-05-28,Leeds,Tottenham,1,4,E0,fit,2.75,4,2.38
2022-23,2023-05-28,Leicester,West Ham,2,1,E0,fit,1.95,4,3.4
2022-23,2023-05-28,Man United,Fulham,2,1,E0,fit,1.45,4.75,6
2022-23,2023-05-28,Southampton,Liverpool,4,4,E0,fit,5.5,4.5,1.5
2023-24,2023-08-11,Burnley,Man City,0,3,E0,evaluation,9,5.25,1.33
2023-24,2023-08-12,Arsenal,Nott'm Forest,2,1,E0,evaluation,1.18,7,15
2023-24,2023-08-12,Bournemouth,West Ham,1,1,E0,evaluation,2.63,3.5,2.6
2023-24,2023-08-12,Brighton,Luton,4,1,E0,evaluation,1.25,6.5,11
2023-24,2023-08-12,Everton,Fulham,0,1,E0,evaluation,2.3,3.2,3.2
2023-24,2023-08-12,Newcastle,Aston Villa,5,1,E0,evaluation,1.62,4,5.25
2023-24,2023-08-12,Sheffield United,Crystal Palace,0,1,E0,evaluation,3.6,3.2,2.15
2023-24,2023-08-13,Brentford,Tottenham,2,2,E0,evaluation,2.5,3.6,2.63
2023-24,2023-08-13,Chelsea,Liverpool,1,1,E0,evaluation,3.1,3.6,2.15
2023-24,2023-08-14,Man United,Wolves,1,0,E0,evaluation,1.25,6,10
2023-24,2023-08-18,Nott'm Forest,Sheffield United,2,1,E0,evaluation,1.91,3.4,4.2
2023-24,2023-08-19,Fulham,Brentford,0,3,E0,evaluation,2.8,3.2,2.63
2023-24,2023-08-19,Liverpool,Bournemouth,3,1,E0,evaluation,1.2,7.5,12
2023-24,2023-08-19,Man City,Newcastle,1,0,E0,evaluation,1.83,3.75,4.33
2023-24,2023-08-19,Tottenham,Man United,2,0,E0,evaluation,3,3.75,2.2
2023-24,2023-08-19,Wolves,Brighton,1,4,E0,evaluation,4.2,4,1.8
2023-24,2023-08-20,Aston Villa,Everton,4,0,E0,evaluation,1.8,3.8,4.2
2023-24,2023-08-20,West Ham,Chelsea,3,1,E0,evaluation,3.1,3.6,2.15
2023-24,2023-08-21,Crystal Palace,Arsenal,0,1,E0,evaluation,4.2,3.4,1.91
2023-24,2023-08-25,Chelsea,Luton,3,0,E0,evaluation,1.25,6,11
2023-24,2023-08-26,Arsenal,Fulham,2,2,E0,evaluation,1.3,5.75,10
2023-24,2023-08-26,Bournemouth,Tottenham,0,2,E0,evaluation,3.5,3.8,2
2023-24,2023-08-26,Brentford,Crystal Palace,1,1,E0,evaluation,2.15,3.4,3.5
2023-24,2023-08-26,Brighton,West Ham,1,3,E0,evaluation,1.5,4.75,5.5
2023-24,2023-08-26,Everton,Wolves,0,1,E0,evaluation,2.4,3.3,2.9
2023-24,2023-08-26,Man United,Nott'm Forest,3,2,E0,evaluation,1.36,5,8
2023-24,2023-08-27,Burnley,Aston Villa,1,3,E0,evaluation,3.2,3.4,2.25
2023-24,2023-08-27,Newcastle,Liverpool,1,2,E0,evaluation,2.2,3.75,3.1
2023-24,2023-08-27,Sheffield United,Man City,1,2,E0,evaluation,12,7,1.2
2023-24,2023-09-01,Luton,West Ham,1,2,E0,evaluation,4.5,4,1.73
2023-24,2023-09-02,Brentford,Bournemouth,2,2,E0,evaluation,1.73,4,4.5
2023-24,2023-09-02,Brighton,Newcastle,3,1,E0,evaluation,2.5,3.8,2.5
2023-24,2023-09-02,Burnley,Tottenham,2,5,E0,evaluation,3.5,3.8,1.95
2023-24,2023-09-02,Chelsea,Nott'm Forest,0,1,E0,evaluation,1.4,4.75,7.5
2023-24,2023-09-02,Man City,Fulham,5,1,E0,evaluation,1.18,8,13
2023-24,2023-09-02,Sheffield United,Everton,2,2,E0,evaluation,3.1,3.4,2.38
2023-24,2023-09-03,Arsenal,Man United,3,1,E0,evaluation,1.75,4.1,4.2
2023-24,2023-09-03,Crystal Palace,Wolves,3,2,E0,evaluation,1.85,3.4,4.5
2023-24,2023-09-03,Liverpool,Aston Villa,3,0,E0,evaluation,1.6,4.75,4.75
2023-24,2023-09-16,Aston Villa,Crystal Palace,3,1,E0,evaluation,1.95,3.6,4
2023-24,2023-09-16,Fulham,Luton,1,0,E0,evaluation,1.65,3.6,6
2023-24,2023-09-16,Man United,Brighton,1,3,E0,evaluation,2,4,3.25
2023-24,2023-09-16,Newcastle,Brentford,1,0,E0,evaluation,1.6,4,5.5
2023-24,2023-09-16,Tottenham,Sheffield United,2,1,E0,evaluation,1.29,5.75,10
2023-24,2023-09-16,West Ham,Man City,1,3,E0,evaluation,5.25,4.2,1.6
2023-24,2023-09-16,Wolves,Liverpool,1,3,E0,evaluation,4.33,4.33,1.7
2023-24,2023-09-17,Bournemouth,Chelsea,0,0,E0,evaluation,4.2,3.75,1.83
2023-24,2023-09-17,Everton,Arsenal,0,1,E0,evaluation,5.5,4.33,1.55
2023-24,2023-09-18,Nott'm Forest,Burnley,1,1,E0,evaluation,2.05,3.5,3.5
2023-24,2023-09-23,Brentford,Everton,1,3,E0,evaluation,1.91,3.5,4.33
2023-24,2023-09-23,Burnley,Man United,0,1,E0,evaluation,4,3.8,1.83
2023-24,2023-09-23,Crystal Palace,Fulham,0,0,E0,evaluation,2.05,3.25,3.8
2023-24,2023-09-23,Luton,Wolves,1,1,E0,evaluation,3.1,3.3,2.38
2023-24,2023-09-23,Man City,Nott'm Forest,2,0,E0,evaluation,1.17,8,15
2023-24,2023-09-24,Arsenal,Tottenham,2,2,E0,evaluation,1.62,4.33,4.75
2023-24,2023-09-24,Brighton,Bournemouth,3,1,E0,evaluation,1.5,4.75,5.5
2023-24,2023-09-24,Chelsea,Aston Villa,0,1,E0,evaluation,1.85,3.75,4
2023-24,2023-09-24,Liverpool,West Ham,3,1,E0,evaluation,1.36,5.25,7.5
2023-24,2023-09-24,Sheffield United,Newcastle,0,8,E0,evaluation,6,4.2,1.53
2023-24,2023-09-30,Aston Villa,Brighton,6,1,E0,evaluation,2.45,3.6,2.7
2023-24,2023-09-30,Bournemouth,Arsenal,0,4,E0,evaluation,5.5,4.5,1.53
2023-24,2023-09-30,Everton,Luton,1,2,E0,evaluation,1.67,3.75,5.25
2023-24,2023-09-30,Man United,Crystal Palace,0,1,E0,evaluation,1.55,4.2,6
2023-24,2023-09-30,Newcastle,Burnley,2,0,E0,evaluation,1.36,5,7.5
2023-24,2023-09-30,Tottenham,Liverpool,2,1,E0,evaluation,3,3.8,2.2
2023-24,2023-09-30,West Ham,Sheffield United,2,0,E0,evaluation,1.44,4.5,7
2023-24,2023-09-30,Wolves,Man City,2,1,E0,evaluation,7.5,5,1.4
2023-24,2023-10-01,Nott'm Forest,Brentford,1,1,E0,evaluation,2.63,3,2.88
2023-24,2023-10-02,Fulham,Chelsea,0,2,E0,evaluation,3.4,3.4,2.15
2023-24,2023-10-03,Luton,Burnley,1,2,E0,evaluation,2.88,3.1,2.6
2023-24,2023-10-07,Burnley,Chelsea,1,4,E0,evaluation,5.25,4,1.67
2023-24,2023-10-07,Crystal Palace,Nott'm Forest,0,0,E0,evaluation,2.25,3.1,3.4
2023-24,2023-10-07,Everton,Bournemouth,3,0,E0,evaluation,1.85,3.75,4
2023-24,2023-10-07,Fulham,Sheffield United,3,1,E0,evaluation,1.45,4.2,7.5
2023-24,2023-10-07,Luton,Tottenham,0,1,E0,evaluation,7,5,1.4
2023-24,2023-10-07,Man United,Brentford,2,1,E0,evaluation,1.6,4.33,5
2023-24,2023-10-08,Arsenal,Man City,1,0,E0,evaluation,2.9,3.3,2.45
2023-24,2023-10-08,Brighton,Liverpool,2,2,E0,evaluation,3.2,4.2,2.05
2023-24,2023-10-08,West Ham,Newcastle,2,2,E0,evaluation,3.4,3.75,2
2023-24,2023-10-08,Wolves,Aston Villa,1,1,E0,evaluation,3.75,3.4,2
2023-24,2023-10-21,Bournemouth,Wolves,1,2,E0,evaluation,2.25,3.4,3.1
2023-24,2023-10-21,Brentford,Burnley,3,0,E0,evaluation,1.7,3.8,4.75
2023-24,2023-10-21,Chelsea,Arsenal,2,2,E0,evaluation,3.3,3.25,2.25
2023-24,2023-10-21,Liverpool,Everton,2,0,E0,evaluation,1.4,5.25,7
2023-24,2023-10-21,Man City,Brighton,2,1,E0,evaluation,1.36,6,6.5
2023-24,2023-10-21,Newcastle,Crystal Palace,4,0,E0,evaluation,1.45,4.5,7
2023-24,2023-10-21,Nott'm Forest,Luton,2,2,E0,evaluation,1.73,3.75,5.25
2023-24,2023-10-21,Sheffield United,Man United,1,2,E0,evaluation,7.5,5.75,1.36
2023-24,2023-10-22,Aston Villa,West Ham,4,1,E0,evaluation,1.73,3.8,4.5
2023-24,2023-10-23,Tottenham,Fulham,2,0,E0,evaluation,1.5,4.6,6
2023-24,2023-10-27,Crystal Palace,Tottenham,1,2,E0,evaluation,4.5,3.8,1.75
2023-24,2023-10-28,Arsenal,Sheffield United,5,0,E0,evaluation,1.13,8.5,19
2023-24,2023-10-28,Bournemouth,Burnley,2,1,E0,evaluation,2.15,3.5,3.25
2023-24,2023-10-28,Chelsea,Brentford,0,2,E0,evaluation,1.62,4,5.25
2023-24,2023-10-28,Wolves,Newcastle,2,2,E0,evaluation,3.8,3.8,1.91
2023-24,2023-10-29,Aston Villa,Luton,3,1,E0,evaluation,1.36,5.5,7.5
2023-24,2023-10-29,Brighton,Fulham,1,1,E0,evaluation,1.62,4,5.5
2023-24,2023-10-29,Liverpool,Nott'm Forest,3,0,E0,evaluation,1.22,7,11
2023-24,2023-10-29,Man United,Man City,0,3,E0,evaluation,5.5,4.2,1.57
2023-24,2023-10-29,West Ham,Everton,0,1,E0,evaluation,2.1,3.6,3.4
2023-24,2023-11-04,Brentford,West Ham,3,2,E0,evaluation,2.15,3.5,3.3
2023-24,2023-11-04,Burnley,Crystal Palace,0,2,E0,evaluation,3.25,3.2,2.3
2023-24,2023-11-04,Everton,Brighton,1,1,E0,evaluation,2.8,3.4,2.45
2023-24,2023-11-04,Fulham,Man United,0,1,E0,evaluation,2.9,3.6,2.3
2023-24,2023-11-04,Man City,Bournemouth,6,1,E0,evaluation,1.09,11,21
2023-24,2023-11-04,Newcastle,Arsenal,1,0,E0,evaluation,2.8,3,2.7
2023-24,2023-11-04,Sheffield United,Wolves,2,1,E0,evaluation,4.2,3.6,1.85
2023-24,2023-11-05,Luton,Liverpool,1,1,E0,evaluation,11,7.5,1.2
2023-24,2023-11-05,Nott'm Forest,Aston Villa,2,0,E0,evaluation,3.75,3.75,1.91
2023-24,2023-11-06,Tottenham,Chelsea,1,4,E0,evaluation,2.3,3.6,2.9
2023-24,2023-11-11,Arsenal,Burnley,3,1,E0,evaluation,1.2,6.5,15
2023-24,2023-11-11,Bournemouth,Newcastle,2,0,E0,evaluation,4,3.6,1.91
2023-24,2023-11-11,Crystal Palace,Everton,2,3,E0,evaluation,2.6,3,2.9
2023-24,2023-11-11,Man United,Luton,1,0,E0,evaluation,1.29,6,9.5
2023-24,2023-11-11,Wolves,Tottenham,2,1,E0,evaluation,3.1,3.5,2.3
2023-24,2023-11-12,Aston Villa,Fulham,3,1,E0,evaluation,1.62,4,5.25
2023-24,2023-11-12,Brighton,Sheffield United,1,1,E0,evaluation,1.25,6,10
2023-24,2023-11-12,Chelsea,Man City,4,4,E0,evaluation,4.75,3.75,1.73
2023-24,2023-11-12,Liverpool,Brentford,3,0,E0,evaluation,1.36,5.5,7.5
2023-24,2023-11-12,West Ham,Nott'm Forest,3,2,E0,evaluation,1.8,3.75,4.5
2023-24,2023-11-25,Brentford,Arsenal,0,1,E0,evaluation,5.5,3.8,1.6
2023-24,2023-11-25,Burnley,West Ham,1,2,E0,evaluation,3.4,3.4,2.15
2023-24,2023-11-25,Luton,Crystal Palace,2,1,E0,evaluation,4,3.25,2
2023-24,2023-11-25,Man City,Liverpool,1,1,E0,evaluation,1.7,4.2,4.33
2023-24,2023-11-25,Newcastle,Chelsea,4,1,E0,evaluation,2.63,3.6,2.5
2023-24,2023-11-25,Nott'm Forest,Brighton,2,3,E0,evaluation,3.6,3.6,2
2023-24,2023-11-25,Sheffield United,Bournemouth,1,3,E0,evaluation,3.4,3.5,2.15
2023-24,2023-11-26,Everton,Man United,0,3,E0,evaluation,2.63,3.3,2.7
2023-24,2023-11-26,Tottenham,Aston Villa,1,2,E0,evaluation,2.55,3.75,2.5
2023-24,2023-11-27,Fulham,Wolves,3,2,E0,evaluation,2.38,3.3,3
2023-24,2023-12-02,Arsenal,Wolves,2,1,E0,evaluation,1.22,6.5,12
2023-24,2023-12-02,Brentford,Luton,3,1,E0,evaluation,1.53,4.2,6
2023-24,2023-12-02,Burnley,Sheffield United,5,0,E0,evaluation,1.7,3.6,5.25
2023-24,2023-12-02,Newcastle,Man United,1,0,E0,evaluation,1.95,3.75,3.6
2023-24,2023-12-02,Nott'm Forest,Everton,0,1,E0,evaluation,2.8,3.1,2.7
2023-24,2023-12-03,Bournemouth,Aston Villa,2,2,E0,evaluation,3,4,2.1
2023-24,2023-12-03,Chelsea,Brighton,3,2,E0,evaluation,1.57,4.33,5.25
2023-24,2023-12-03,Liverpool,Fulham,4,3,E0,evaluation,1.25,7,10
2023-24,2023-12-03,Man City,Tottenham,3,3,E0,evaluation,1.25,6.5,10
2023-24,2023-12-03,West Ham,Crystal Palace,1,1,E0,evaluation,1.91,3.6,4
2023-24,2023-12-05,Luton,Arsenal,3,4,E0,evaluation,17,8,1.17
2023-24,2023-12-05,Wolves,Burnley,1,0,E0,evaluation,1.91,3.6,4
2023-24,2023-12-06,Aston Villa,Man City,1,0,E0,evaluation,5,4.2,1.62
2023-24,2023-12-06,Brighton,Brentford,2,1,E0,evaluation,1.7,4.2,4.5
2023-24,2023-12-06,Crystal Palace,Bournemouth,0,2,E0,evaluation,2.3,3.5,3
2023-24,2023-12-06,Fulham,Nott'm Forest,5,0,E0,evaluation,2,3.4,3.75
2023-24,2023-12-06,Man United,Chelsea,2,1,E0,evaluation,2.75,3.5,2.45
2023-24,2023-12-06,Sheffield United,Liverpool,0,2,E0,evaluation,15,7.5,1.18
2023-24,2023-12-07,Everton,Newcastle,3,0,E0,evaluation,3.1,3.4,2.25
2023-24,2023-12-07,Tottenham,West Ham,1,2,E0,evaluation,1.7,4.2,4.75
2023-24,2023-12-09,Aston Villa,Arsenal,1,0,E0,evaluation,3.6,3.75,2
2023-24,2023-12-09,Brighton,Burnley,1,1,E0,evaluation,1.55,4.2,5.75
2023-24,2023-12-09,Crystal Palace,Liverpool,1,2,E0,evaluation,6.5,4.75,1.44
2023-24,2023-12-09,Man United,Bournemouth,0,3,E0,evaluation,1.65,4.33,4.5
2023-24,2023-12-09,Sheffield United,Brentford,1,0,E0,evaluation,4.5,3.8,1.73
2023-24,2023-12-09,Wolves,Nott'm Forest,1,1,E0,evaluation,1.91,3.25,4.33
2023-24,2023-12-10,Everton,Chelsea,2,0,E0,evaluation,2.4,3.5,2.8
2023-24,2023-12-10,Fulham,West Ham,5,0,E0,evaluation,2.2,3.5,3.25
2023-24,2023-12-10,Luton,Man City,1,2,E0,evaluation,13,7.5,1.18
2023-24,2023-12-10,Tottenham,Newcastle,4,1,E0,evaluation,2,3.75,3.4
2023-24,2023-12-15,Nott'm Forest,Tottenham,0,2,E0,evaluation,4.75,4.2,1.67
2023-24,2023-12-16,Burnley,Everton,0,2,E0,evaluation,3.2,3.5,2.25
2023-24,2023-12-16,Chelsea,Sheffield United,2,0,E0,evaluation,1.18,7.5,13
2023-24,2023-12-16,Man City,Crystal Palace,2,2,E0,evaluation,1.17,7.5,15
2023-24,2023-12-16,Newcastle,Fulham,3,0,E0,evaluation,1.91,3.8,4
2023-24,2023-12-17,Arsenal,Brighton,2,0,E0,evaluation,1.45,5,6
2023-24,2023-12-17,Brentford,Aston Villa,1,2,E0,evaluation,3,3.4,2.25
2023-24,2023-12-17,Liverpool,Man United,0,0,E0,evaluation,1.33,5.75,7
2023-24,2023-12-17,West Ham,Wolves,3,0,E0,evaluation,1.91,3.6,4
2023-24,2023-12-21,Crystal Palace,Brighton,1,1,E0,evaluation,3.4,3.25,2.25
2023-24,2023-12-22,Aston Villa,Sheffield United,1,1,E0,evaluation,1.2,7,13
2023-24,2023-12-23,Fulham,Burnley,0,2,E0,evaluation,1.67,3.75,5.25
2023-24,2023-12-23,Liverpool,Arsenal,1,1,E0,evaluation,2.45,3.75,2.63
2023-24,2023-12-23,Luton,Newcastle,1,0,E0,evaluation,5.25,4.2,1.62
2023-24,2023-12-23,Nott'm Forest,Bournemouth,2,3,E0,evaluation,2.9,3.4,2.45
2023-24,2023-12-23,Tottenham,Everton,2,1,E0,evaluation,1.7,4.2,4.33
2023-24,2023-12-23,West Ham,Man United,2,0,E0,evaluation,2.1,3.8,3.25
2023-24,2023-12-24,Wolves,Chelsea,2,1,E0,evaluation,3.1,3.6,2.15
2023-24,2023-12-26,Bournemouth,Fulham,3,0,E0,evaluation,1.91,3.8,3.75
2023-24,2023-12-26,Burnley,Liverpool,0,2,E0,evaluation,8,5.25,1.36
2023-24,2023-12-26,Man United,Aston Villa,3,2,E0,evaluation,2.25,3.75,2.9
2023-24,2023-12-26,Newcastle,Nott'm Forest,1,3,E0,evaluation,1.4,5,6.5
2023-24,2023-12-26,Sheffield United,Luton,2,3,E0,evaluation,2.38,3.25,3.1
2023-24,2023-12-27,Brentford,Wolves,1,4,E0,evaluation,2.2,3.4,3.3
2023-24,2023-12-27,Chelsea,Crystal Palace,2,1,E0,evaluation,1.75,3.75,4.75
2023-24,2023-12-27,Everton,Man City,1,3,E0,evaluation,5,4,1.65
2023-24,2023-12-28,Arsenal,West Ham,0,2,E0,evaluation,1.29,6,9.5
2023-24,2023-12-28,Brighton,Tottenham,4,2,E0,evaluation,2.5,3.75,2.63
2023-24,2023-12-30,Aston Villa,Burnley,3,2,E0,evaluation,1.36,5.25,7
2023-24,2023-12-30,Crystal Palace,Brentford,3,1,E0,evaluation,2.05,3.3,3.75
2023-24,2023-12-30,Luton,Chelsea,2,3,E0,evaluation,5.25,4.33,1.57
2023-24,2023-12-30,Man City,Sheffield United,2,0,E0,evaluation,1.08,13,19
2023-24,2023-12-30,Nott'm Forest,Man United,2,1,E0,evaluation,3.2,3.6,2.15
2023-24,2023-12-30,Wolves,Everton,3,0,E0,evaluation,2.9,3.25,2.5
2023-24,2023-12-31,Fulham,Arsenal,2,1,E0,evaluation,6,4,1.57
2023-24,2023-12-31,Tottenham,Bournemouth,3,1,E0,evaluation,1.75,4.5,3.8
2023-24,2024-01-01,Liverpool,Newcastle,4,2,E0,evaluation,1.36,5.25,7.5
2023-24,2024-01-02,West Ham,Brighton,0,0,E0,evaluation,3.1,3.5,2.2
2023-24,2024-01-12,Burnley,Luton,1,1,E0,evaluation,2.15,3.4,3.4
2023-24,2024-01-13,Chelsea,Fulham,1,0,E0,evaluation,1.62,4.2,5.25
2023-24,2024-01-13,Newcastle,Man City,2,3,E0,evaluation,4.5,4,1.7
2023-24,2024-01-14,Everton,Aston Villa,0,0,E0,evaluation,2.55,3.5,2.7
2023-24,2024-01-14,Man United,Tottenham,2,2,E0,evaluation,2.05,4,3.25
2023-24,2024-01-20,Arsenal,Crystal Palace,5,0,E0,evaluation,1.25,6,12
2023-24,2024-01-20,Brentford,Nott'm Forest,3,2,E0,evaluation,1.75,3.75,4.75
2023-24,2024-01-21,Bournemouth,Liverpool,0,4,E0,evaluation,4.33,4.5,1.67
2023-24,2024-01-21,Sheffield United,West Ham,2,2,E0,evaluation,2.75,3.3,2.6
2023-24,2024-01-22,Brighton,Wolves,0,0,E0,evaluation,1.62,4,5
2023-24,2024-01-30,Aston Villa,Newcastle,1,3,E0,evaluation,1.85,4,3.8
2023-24,2024-01-30,Crystal Palace,Sheffield United,3,2,E0,evaluation,1.62,3.75,6
2023-24,2024-01-30,Fulham,Everton,0,0,E0,evaluation,2.25,3.2,3.5
2023-24,2024-01-30,Luton,Brighton,4,0,E0,evaluation,4,4,1.8
2023-24,2024-01-30,Nott'm Forest,Arsenal,1,2,E0,evaluation,8.5,5,1.4
2023-24,2024-01-31,Liverpool,Chelsea,4,1,E0,evaluation,1.62,4.2,4.75
2023-24,2024-01-31,Man City,Burnley,3,1,E0,evaluation,1.1,11,19
2023-24,2024-01-31,Tottenham,Brentford,3,2,E0,evaluation,1.6,4.33,5
2023-24,2024-02-01,West Ham,Bournemouth,1,1,E0,evaluation,2.38,3.6,2.8
2023-24,2024-02-01,Wolves,Man United,3,4,E0,evaluation,2.8,3.5,2.4
2023-24,2024-02-03,Brighton,Crystal Palace,4,1,E0,evaluation,1.7,3.8,5
2023-24,2024-02-03,Burnley,Fulham,2,2,E0,evaluation,2.9,3.3,2.4
2023-24,2024-02-03,Everton,Tottenham,2,2,E0,evaluation,3,3.75,2.2
2023-24,2024-02-03,Newcastle,Luton,4,4,E0,evaluation,1.53,4.5,5.5
2023-24,2024-02-03,Sheffield United,Aston Villa,0,5,E0,evaluation,5,4.2,1.62
2023-24,2024-02-04,Arsenal,Liverpool,3,1,E0,evaluation,2.1,3.6,3.25
2023-24,2024-02-04,Bournemouth,Nott'm Forest,1,1,E0,evaluation,1.65,4.5,4.75
2023-24,2024-02-04,Chelsea,Wolves,2,4,E0,evaluation,1.55,4.2,5.75
2023-24,2024-02-04,Man United,West Ham,3,0,E0,evaluation,1.55,4.33,5.5
2023-24,2024-02-05,Brentford,Man City,1,3,E0,evaluation,7.5,5.25,1.4
2023-24,2024-02-10,Fulham,Bournemouth,3,1,E0,evaluation,2.55,3.5,2.63
2023-24,2024-02-10,Liverpool,Burnley,3,1,E0,evaluation,1.18,8,17
2023-24,2024-02-10,Luton,Sheffield United,1,3,E0,evaluation,1.7,3.9,4.75
2023-24,2024-02-10,Man City,Everton,2,0,E0,evaluation,1.2,7,13
2023-24,2024-02-10,Nott'm Forest,Newcastle,2,3,E0,evaluation,3.2,3.75,2.1
2023-24,2024-02-10,Tottenham,Brighton,2,1,E0,evaluation,1.73,4.33,4
2023-24,2024-02-10,Wolves,Brentford,0,2,E0,evaluation,2.2,3.5,3.2
2023-24,2024-02-11,Aston Villa,Man United,1,2,E0,evaluation,2.15,3.8,3.1
2023-24,2024-02-11,West Ham,Arsenal,0,6,E0,evaluation,6,4.2,1.53
2023-24,2024-02-12,Crystal Palace,Chelsea,1,3,E0,evaluation,4.75,4,1.7
2023-24,2024-02-17,Brentford,Liverpool,1,4,E0,evaluation,4.75,4.2,1.67
2023-24,2024-02-17,Burnley,Arsenal,0,5,E0,evaluation,10,5.75,1.29
2023-24,2024-02-17,Fulham,Aston Villa,1,2,E0,evaluation,2.9,3.75,2.25
2023-24,2024-02-17,Man City,Chelsea,1,1,E0,evaluation,1.33,6,7.5
2023-24,2024-02-17,Newcastle,Bournemouth,2,2,E0,evaluation,1.95,4,3.4
2023-24,2024-02-17,Nott'm Forest,West Ham,2,0,E0,evaluation,2.25,3.6,3.2
2023-24,2024-02-17,Tottenham,Wolves,1,2,E0,evaluation,1.5,5,5.25
2023-24,2024-02-18,Luton,Man United,1,2,E0,evaluation,4.2,4.2,1.75
2023-24,2024-02-18,Sheffield United,Brighton,0,5,E0,evaluation,4.5,4.33,1.67
2023-24,2024-02-19,Everton,Crystal Palace,1,1,E0,evaluation,1.8,3.4,5
2023-24,2024-02-20,Man City,Brentford,1,0,E0,evaluation,1.18,7.5,13
2023-24,2024-02-21,Liverpool,Luton,4,1,E0,evaluation,1.29,6,8
2023-24,2024-02-24,Arsenal,Newcastle,4,1,E0,evaluation,1.36,5.5,7.5
2023-24,2024-02-24,Aston Villa,Nott'm Forest,4,2,E0,evaluation,1.57,4.5,5.25
2023-24,2024-02-24,Bournemouth,Man City,0,1,E0,evaluation,7,4.5,1.44
2023-24,2024-02-24,Brighton,Everton,1,1,E0,evaluation,1.83,3.8,4
2023-24,2024-02-24,Crystal Palace,Burnley,3,0,E0,evaluation,1.95,3.5,4
2023-24,2024-02-24,Man United,Fulham,1,2,E0,evaluation,1.65,4.33,5
2023-24,2024-02-25,Wolves,Sheffield United,1,0,E0,evaluation,1.45,4.5,7
2023-24,2024-02-26,West Ham,Brentford,4,2,E0,evaluation,2.3,3.6,3
2023-24,2024-03-02,Brentford,Chelsea,2,2,E0,evaluation,3.25,3.6,2.15
2023-24,2024-03-02,Everton,West Ham,1,3,E0,evaluation,2.15,3.6,3.3
2023-24,2024-03-02,Fulham,Brighton,3,0,E0,evaluation,2.55,3.4,2.8
2023-24,2024-03-02,Luton,Aston Villa,2,3,E0,evaluation,4.33,4.33,1.7
2023-24,2024-03-02,Newcastle,Wolves,3,0,E0,evaluation,1.73,4.2,4.33
2023-24,2024-03-02,Nott'm Forest,Liverpool,0,1,E0,evaluation,5.25,4.33,1.6
2023-24,2024-03-02,Tottenham,Crystal Palace,3,1,E0,evaluation,1.53,4.5,5.75
2023-24,2024-03-03,Burnley,Bournemouth,0,2,E0,evaluation,3.6,3.6,2
2023-24,2024-03-03,Man City,Man United,3,1,E0,evaluation,1.25,6.5,9.5
2023-24,2024-03-04,Sheffield United,Arsenal,0,6,E0,evaluation,13,7.5,1.18
2023-24,2024-03-09,Arsenal,Brentford,2,1,E0,evaluation,1.2,7,13
2023-24,2024-03-09,Bournemouth,Sheffield United,2,2,E0,evaluation,1.33,5.5,7.5
2023-24,2024-03-09,Crystal Palace,Luton,1,1,E0,evaluation,1.91,3.75,3.8
2023-24,2024-03-09,Man United,Everton,2,0,E0,evaluation,1.91,3.75,3.8
2023-24,2024-03-09,Wolves,Fulham,2,1,E0,evaluation,2.4,3.4,2.88
2023-24,2024-03-10,Aston Villa,Tottenham,0,4,E0,evaluation,2.4,4,2.6
2023-24,2024-03-10,Brighton,Nott'm Forest,1,0,E0,evaluation,1.62,4.2,4.75
2023-24,2024-03-10,Liverpool,Man City,1,1,E0,evaluation,3.4,3.8,2.05
2023-24,2024-03-10,West Ham,Burnley,2,2,E0,evaluation,1.65,4,5
2023-24,2024-03-11,Chelsea,Newcastle,3,2,E0,evaluation,1.8,4,3.75
2023-24,2024-03-13,Bournemouth,Luton,4,3,E0,evaluation,1.53,4.75,5.5
2023-24,2024-03-16,Burnley,Brentford,2,1,E0,evaluation,3.1,3.75,2.2
2023-24,2024-03-16,Fulham,Tottenham,3,0,E0,evaluation,3.25,4,2
2023-24,2024-03-16,Luton,Nott'm Forest,1,1,E0,evaluation,2.63,3.4,2.63
2023-24,2024-03-17,West Ham,Aston Villa,1,1,E0,evaluation,2.38,3.75,2.8
2023-24,2024-03-30,Aston Villa,Wolves,2,0,E0,evaluation,1.53,4.5,5.75
2023-24,2024-03-30,Bournemouth,Everton,2,1,E0,evaluation,2.2,3.75,3.2
2023-24,2024-03-30,Brentford,Man United,1,1,E0,evaluation,3.25,4,2.05
2023-24,2024-03-30,Chelsea,Burnley,2,2,E0,evaluation,1.29,6.5,9
2023-24,2024-03-30,Newcastle,West Ham,4,3,E0,evaluation,1.83,4.2,3.75
2023-24,2024-03-30,Nott'm Forest,Crystal Palace,1,1,E0,evaluation,2.2,3.3,3.4
2023-24,2024-03-30,Sheffield United,Fulham,3,3,E0,evaluation,4.75,4,1.7
2023-24,2024-03-30,Tottenham,Luton,2,1,E0,evaluation,1.22,8,9
2023-24,2024-03-31,Liverpool,Brighton,2,1,E0,evaluation,1.3,6,8.5
2023-24,2024-03-31,Man City,Arsenal,0,0,E0,evaluation,2,3.75,3.5
2023-24,2024-04-02,Bournemouth,Crystal Palace,1,0,E0,evaluation,1.85,3.8,3.8
2023-24,2024-04-02,Burnley,Wolves,1,1,E0,evaluation,2.3,3.6,2.9
2023-24,2024-04-02,Newcastle,Everton,1,1,E0,evaluation,1.95,3.75,3.6
2023-24,2024-04-02,Nott'm Forest,Fulham,3,1,E0,evaluation,2.7,3.4,2.6
2023-24,2024-04-02,West Ham,Tottenham,1,1,E0,evaluation,3.4,4.2,1.95
2023-24,2024-04-03,Arsenal,Luton,2,0,E0,evaluation,1.14,9.5,15
2023-24,2024-04-03,Brentford,Brighton,0,0,E0,evaluation,2.45,3.8,2.63
2023-24,2024-04-03,Man City,Aston Villa,4,1,E0,evaluation,1.22,6.5,11
2023-24,2024-04-04,Chelsea,Man United,4,3,E0,evaluation,1.8,4.2,4
2023-24,2024-04-04,Liverpool,Sheffield United,3,1,E0,evaluation,1.07,15,21
2023-24,2024-04-06,Aston Villa,Brentford,3,3,E0,evaluation,1.62,4,5.5
2023-24,2024-04-06,Brighton,Arsenal,0,3,E0,evaluation,6,4.5,1.5
2023-24,2024-04-06,Crystal Palace,Man City,2,4,E0,evaluation,10,5,1.33
2023-24,2024-04-06,Everton,Burnley,1,0,E0,evaluation,1.73,3.8,4.75
2023-24,2024-04-06,Fulham,Newcastle,0,1,E0,evaluation,2.38,3.6,2.88
2023-24,2024-04-06,Luton,Bournemouth,2,1,E0,evaluation,3.8,3.8,1.91
2023-24,2024-04-06,Wolves,West Ham,1,2,E0,evaluation,2.7,3.6,2.5
2023-24,2024-04-07,Man United,Liverpool,2,2,E0,evaluation,4.75,4.5,1.57
2023-24,2024-04-07,Sheffield United,Chelsea,2,2,E0,evaluation,6.5,5,1.44
2023-24,2024-04-07,Tottenham,Nott'm Forest,3,1,E0,evaluation,1.45,5.25,5.75
2023-24,2024-04-13,Bournemouth,Man United,2,2,E0,evaluation,2.3,4,2.63
2023-24,2024-04-13,Brentford,Sheffield United,2,0,E0,evaluation,1.5,4.75,6
2023-24,2024-04-13,Burnley,Brighton,1,1,E0,evaluation,3.75,4,1.85
2023-24,2024-04-13,Man City,Luton,5,1,E0,evaluation,1.08,13,17
2023-24,2024-04-13,Newcastle,Tottenham,4,0,E0,evaluation,2.55,4,2.45
2023-24,2024-04-13,Nott'm Forest,Wolves,2,2,E0,evaluation,2,3.4,3.75
2023-24,2024-04-14,Arsenal,Aston Villa,0,2,E0,evaluation,1.25,6,10
2023-24,2024-04-14,Liverpool,Crystal Palace,0,1,E0,evaluation,1.2,7.5,11
2023-24,2024-04-14,West Ham,Fulham,0,2,E0,evaluation,2.38,3.6,2.8
2023-24,2024-04-15,Chelsea,Everton,6,0,E0,evaluation,1.65,4,5
2023-24,2024-04-20,Luton,Brentford,1,5,E0,evaluation,2.8,3.6,2.38
2023-24,2024-04-20,Sheffield United,Burnley,1,4,E0,evaluation,2.6,3.4,2.63
2023-24,2024-04-20,Wolves,Arsenal,0,2,E0,evaluation,11,6,1.22
2023-24,2024-04-21,Aston Villa,Bournemouth,3,1,E0,evaluation,1.83,4,3.8
2023-24,2024-04-21,Crystal Palace,West Ham,5,2,E0,evaluation,2.2,3.5,3.25
2023-24,2024-04-21,Everton,Nott'm Forest,2,0,E0,evaluation,2.25,3.2,3.4
2023-24,2024-04-21,Fulham,Liverpool,1,3,E0,evaluation,4.33,4.5,1.67
2023-24,2024-04-23,Arsenal,Chelsea,5,0,E0,evaluation,1.4,5,7
2023-24,2024-04-24,Crystal Palace,Newcastle,2,0,E0,evaluation,3.1,3.6,2.2
2023-24,2024-04-24,Everton,Liverpool,2,0,E0,evaluation,7,5,1.4
2023-24,2024-04-24,Man United,Sheffield United,4,2,E0,evaluation,1.3,6,8.5
2023-24,2024-04-24,Wolves,Bournemouth,0,1,E0,evaluation,2.7,3.75,2.4
2023-24,2024-04-25,Brighton,Man City,0,4,E0,evaluation,8,5.5,1.33
2023-24,2024-04-27,Aston Villa,Chelsea,2,2,E0,evaluation,2.05,3.8,3.4
2023-24,2024-04-27,Everton,Brentford,1,0,E0,evaluation,2.8,3.5,2.4
2023-24,2024-04-27,Fulham,Crystal Palace,1,1,E0,evaluation,2.05,3.5,3.5
2023-24,2024-04-27,Man United,Burnley,1,1,E0,evaluation,1.5,5,5.5
2023-24,2024-04-27,Newcastle,Sheffield United,5,1,E0,evaluation,1.2,7.5,11
2023-24,2024-04-27,West Ham,Liverpool,2,2,E0,evaluation,5,4.75,1.55
2023-24,2024-04-27,Wolves,Luton,2,1,E0,evaluation,1.91,3.75,3.75
2023-24,2024-04-28,Bournemouth,Brighton,3,0,E0,evaluation,1.91,4.2,3.5
2023-24,2024-04-28,Nott'm Forest,Man City,0,2,E0,evaluation,12,6,1.25
2023-24,2024-04-28,Tottenham,Arsenal,2,3,E0,evaluation,4.33,4,1.73
2023-24,2024-05-02,Chelsea,Tottenham,2,0,E0,evaluation,2.4,4,2.6
2023-24,2024-05-03,Luton,Everton,1,1,E0,evaluation,2.7,3.6,2.45
2023-24,2024-05-04,Arsenal,Bournemouth,3,0,E0,evaluation,1.2,7,13
2023-24,2024-05-04,Brentford,Fulham,0,0,E0,evaluation,2.05,3.8,3.25
2023-24,2024-05-04,Burnley,Newcastle,1,4,E0,evaluation,3.4,4,1.95
2023-24,2024-05-04,Man City,Wolves,5,1,E0,evaluation,1.08,13,19
2023-24,2024-05-04,Sheffield United,Nott'm Forest,1,3,E0,evaluation,4.75,4.2,1.67
2023-24,2024-05-05,Brighton,Aston Villa,1,0,E0,evaluation,2.3,3.6,2.8
2023-24,2024-05-05,Chelsea,West Ham,5,0,E0,evaluation,1.5,5,5.5
2023-24,2024-05-05,Liverpool,Tottenham,4,2,E0,evaluation,1.44,5.75,5.5
2023-24,2024-05-06,Crystal Palace,Man United,4,0,E0,evaluation,1.95,3.8,3.6
2023-24,2024-05-11,Bournemouth,Brentford,1,2,E0,evaluation,2.15,3.6,3.2
2023-24,2024-05-11,Everton,Sheffield United,1,0,E0,evaluation,1.4,5,7
2023-24,2024-05-11,Fulham,Man City,0,4,E0,evaluation,12,7,1.2
2023-24,2024-05-11,Newcastle,Brighton,1,1,E0,evaluation,1.57,4.75,5
2023-24,2024-05-11,Nott'm Forest,Chelsea,2,3,E0,evaluation,4,4,1.85
2023-24,2024-05-11,Tottenham,Burnley,2,1,E0,evaluation,1.29,6.5,8
2023-24,2024-05-11,West Ham,Luton,3,1,E0,evaluation,1.85,4,3.8
2023-24,2024-05-11,Wolves,Crystal Palace,1,3,E0,evaluation,3.2,3.5,2.2
2023-24,2024-05-12,Man United,Arsenal,0,1,E0,evaluation,9.5,6,1.29
2023-24,2024-05-13,Aston Villa,Liverpool,3,3,E0,evaluation,3.7,4.75,1.75
2023-24,2024-05-14,Tottenham,Man City,0,2,E0,evaluation,6.5,6,1.36
2023-24,2024-05-15,Brighton,Chelsea,1,2,E0,evaluation,3.2,4,2
2023-24,2024-05-15,Man United,Newcastle,3,2,E0,evaluation,2.7,3.9,2.35
2023-24,2024-05-19,Arsenal,Everton,2,1,E0,evaluation,1.22,7.5,10
2023-24,2024-05-19,Brentford,Newcastle,2,4,E0,evaluation,2.9,3.9,2.15
2023-24,2024-05-19,Brighton,Man United,0,2,E0,evaluation,2.6,4,2.38
2023-24,2024-05-19,Burnley,Nott'm Forest,1,2,E0,evaluation,2.8,3.8,2.3
2023-24,2024-05-19,Chelsea,Bournemouth,2,1,E0,evaluation,1.38,5.25,7
2023-24,2024-05-19,Crystal Palace,Aston Villa,5,0,E0,evaluation,1.57,4.5,4.75
2023-24,2024-05-19,Liverpool,Wolves,2,0,E0,evaluation,1.13,9.5,17
2023-24,2024-05-19,Luton,Fulham,2,4,E0,evaluation,3,3.9,2.15
2023-24,2024-05-19,Man City,West Ham,3,1,E0,evaluation,1.07,15,19
2023-24,2024-05-19,Sheffield United,Tottenham,0,3,E0,evaluation,7.5,5.75,1.33
